--------------------------------------------------------
--  파일이 생성됨 - 목요일-6월-13-2024   
--------------------------------------------------------
--------------------------------------------------------
--  DDL for Table ADMIN
--------------------------------------------------------

  CREATE TABLE "ADMIN" 
   (	"ADMIN_ID" NUMBER(20,0), 
	"NAME" VARCHAR2(50 BYTE), 
	"ID" VARCHAR2(50 BYTE), 
	"PASSWORD" VARCHAR2(50 BYTE)
   ) SEGMENT CREATION IMMEDIATE 
  PCTFREE 10 PCTUSED 40 INITRANS 1 MAXTRANS 255 
 NOCOMPRESS LOGGING
  STORAGE(INITIAL 65536 NEXT 1048576 MINEXTENTS 1 MAXEXTENTS 2147483645
  PCTINCREASE 0 FREELISTS 1 FREELIST GROUPS 1
  BUFFER_POOL DEFAULT FLASH_CACHE DEFAULT CELL_FLASH_CACHE DEFAULT)
  TABLESPACE "USERS" ;
--------------------------------------------------------
--  DDL for Table ANSWER
--------------------------------------------------------

  CREATE TABLE "ANSWER" 
   (	"ANSWER_ID" NUMBER(20,0), 
	"ADMIN_ID" NUMBER(20,0), 
	"INQUIRY_ID" NUMBER(20,0), 
	"CONTENT" VARCHAR2(320 BYTE), 
	"CREATED" DATE DEFAULT SYSDATE
   ) SEGMENT CREATION DEFERRED 
  PCTFREE 10 PCTUSED 40 INITRANS 1 MAXTRANS 255 
 NOCOMPRESS LOGGING
  TABLESPACE "USERS" ;
--------------------------------------------------------
--  DDL for Table BASKET
--------------------------------------------------------

  CREATE TABLE "BASKET" 
   (	"BASKET_ID" NUMBER(20,0), 
	"ID" NUMBER(20,0), 
	"PRO_ID" NUMBER(20,0), 
	"COUNT" NUMBER(20,0), 
	"STATE" NUMBER(20,0), 
	"PRICE" NUMBER(20,0), 
	"DELIVERY_CHARGE" NUMBER(20,0)
   ) SEGMENT CREATION DEFERRED 
  PCTFREE 10 PCTUSED 40 INITRANS 1 MAXTRANS 255 
 NOCOMPRESS LOGGING
  TABLESPACE "USERS" ;
--------------------------------------------------------
--  DDL for Table BEN
--------------------------------------------------------

  CREATE TABLE "BEN" 
   (	"BEN_ID" NUMBER(20,0), 
	"ID" NUMBER(20,0), 
	"REASON" VARCHAR2(50 BYTE), 
	"CREATED" DATE DEFAULT SYSDATE, 
	"DISMISS" DATE
   ) SEGMENT CREATION DEFERRED 
  PCTFREE 10 PCTUSED 40 INITRANS 1 MAXTRANS 255 
 NOCOMPRESS LOGGING
  TABLESPACE "USERS" ;
--------------------------------------------------------
--  DDL for Table BOOKMARK
--------------------------------------------------------

  CREATE TABLE "BOOKMARK" 
   (	"BOOK_ID" NUMBER(20,0), 
	"ID" NUMBER(20,0), 
	"PRO_ID" NUMBER(20,0)
   ) SEGMENT CREATION DEFERRED 
  PCTFREE 10 PCTUSED 40 INITRANS 1 MAXTRANS 255 
 NOCOMPRESS LOGGING
  TABLESPACE "USERS" ;
--------------------------------------------------------
--  DDL for Table COMMENTS
--------------------------------------------------------

  CREATE TABLE "COMMENTS" 
   (	"COMME_ID" NUMBER(20,0), 
	"ID" NUMBER(20,0), 
	"POST_ID" NUMBER(20,0), 
	"CONTENT" VARCHAR2(320 BYTE), 
	"CREATED" DATE DEFAULT SYSDATE
   ) SEGMENT CREATION DEFERRED 
  PCTFREE 10 PCTUSED 40 INITRANS 1 MAXTRANS 255 
 NOCOMPRESS LOGGING
  TABLESPACE "USERS" ;
--------------------------------------------------------
--  DDL for Table DELIVERY
--------------------------------------------------------

  CREATE TABLE "DELIVERY" 
   (	"ADDRESS_ID" NUMBER(20,0), 
	"ID" NUMBER(20,0), 
	"NAME" VARCHAR2(50 BYTE), 
	"RECIPENT" VARCHAR2(50 BYTE), 
	"TEL" VARCHAR2(50 BYTE), 
	"ZIPCODE" NUMBER(20,0), 
	"ADDRESS" VARCHAR2(100 BYTE), 
	"ADDRESSDETAIL" VARCHAR2(100 BYTE), 
	"REQ" VARCHAR2(50 BYTE), 
	"DEFUALT" NUMBER(20,0)
   ) SEGMENT CREATION IMMEDIATE 
  PCTFREE 10 PCTUSED 40 INITRANS 1 MAXTRANS 255 
 NOCOMPRESS LOGGING
  STORAGE(INITIAL 65536 NEXT 1048576 MINEXTENTS 1 MAXEXTENTS 2147483645
  PCTINCREASE 0 FREELISTS 1 FREELIST GROUPS 1
  BUFFER_POOL DEFAULT FLASH_CACHE DEFAULT CELL_FLASH_CACHE DEFAULT)
  TABLESPACE "USERS" ;
--------------------------------------------------------
--  DDL for Table FORM
--------------------------------------------------------

  CREATE TABLE "FORM" 
   (	"FORM_ID" NUMBER(20,0), 
	"TYPE" VARCHAR2(50 BYTE)
   ) SEGMENT CREATION IMMEDIATE 
  PCTFREE 10 PCTUSED 40 INITRANS 1 MAXTRANS 255 
 NOCOMPRESS LOGGING
  STORAGE(INITIAL 65536 NEXT 1048576 MINEXTENTS 1 MAXEXTENTS 2147483645
  PCTINCREASE 0 FREELISTS 1 FREELIST GROUPS 1
  BUFFER_POOL DEFAULT FLASH_CACHE DEFAULT CELL_FLASH_CACHE DEFAULT)
  TABLESPACE "USERS" ;
--------------------------------------------------------
--  DDL for Table IMGS
--------------------------------------------------------

  CREATE TABLE "IMGS" 
   (	"IMG_ID" NUMBER(20,0), 
	"PRO_ID" NUMBER(20,0), 
	"IMG" VARCHAR2(50 BYTE)
   ) SEGMENT CREATION IMMEDIATE 
  PCTFREE 10 PCTUSED 40 INITRANS 1 MAXTRANS 255 
 NOCOMPRESS LOGGING
  STORAGE(INITIAL 65536 NEXT 1048576 MINEXTENTS 1 MAXEXTENTS 2147483645
  PCTINCREASE 0 FREELISTS 1 FREELIST GROUPS 1
  BUFFER_POOL DEFAULT FLASH_CACHE DEFAULT CELL_FLASH_CACHE DEFAULT)
  TABLESPACE "USERS" ;
--------------------------------------------------------
--  DDL for Table INGREDIENT
--------------------------------------------------------

  CREATE TABLE "INGREDIENT" 
   (	"ING_ID" NUMBER(20,0), 
	"NAME" VARCHAR2(50 BYTE), 
	"INFO_ID" NUMBER
   ) SEGMENT CREATION IMMEDIATE 
  PCTFREE 10 PCTUSED 40 INITRANS 1 MAXTRANS 255 
 NOCOMPRESS LOGGING
  STORAGE(INITIAL 65536 NEXT 1048576 MINEXTENTS 1 MAXEXTENTS 2147483645
  PCTINCREASE 0 FREELISTS 1 FREELIST GROUPS 1
  BUFFER_POOL DEFAULT FLASH_CACHE DEFAULT CELL_FLASH_CACHE DEFAULT)
  TABLESPACE "USERS" ;
--------------------------------------------------------
--  DDL for Table INQUIRY
--------------------------------------------------------

  CREATE TABLE "INQUIRY" 
   (	"INQUIRY_ID" NUMBER(20,0), 
	"ID" NUMBER(20,0), 
	"TITLE" VARCHAR2(50 BYTE), 
	"CONTENT" VARCHAR2(50 BYTE), 
	"CREATED" DATE DEFAULT SYSDATE
   ) SEGMENT CREATION DEFERRED 
  PCTFREE 10 PCTUSED 40 INITRANS 1 MAXTRANS 255 
 NOCOMPRESS LOGGING
  TABLESPACE "USERS" ;
--------------------------------------------------------
--  DDL for Table MAKE
--------------------------------------------------------

  CREATE TABLE "MAKE" 
   (	"MAKE_ID" NUMBER(20,0), 
	"NAME" VARCHAR2(50 BYTE), 
	"TEL" VARCHAR2(50 BYTE), 
	"ZIPCODE" NUMBER(20,0), 
	"ADDRESS" VARCHAR2(50 BYTE), 
	"ADDRESSDETAIL" VARCHAR2(50 BYTE)
   ) SEGMENT CREATION IMMEDIATE 
  PCTFREE 10 PCTUSED 40 INITRANS 1 MAXTRANS 255 
 NOCOMPRESS LOGGING
  STORAGE(INITIAL 65536 NEXT 1048576 MINEXTENTS 1 MAXEXTENTS 2147483645
  PCTINCREASE 0 FREELISTS 1 FREELIST GROUPS 1
  BUFFER_POOL DEFAULT FLASH_CACHE DEFAULT CELL_FLASH_CACHE DEFAULT)
  TABLESPACE "USERS" ;
--------------------------------------------------------
--  DDL for Table NUTRIENT
--------------------------------------------------------

  CREATE TABLE "NUTRIENT" 
   (	"NUT_ID" NUMBER(20,0), 
	"PRO_ID" NUMBER(20,0), 
	"ING_ID" NUMBER(20,0), 
	"CAPACITY" NUMBER(20,0)
   ) SEGMENT CREATION IMMEDIATE 
  PCTFREE 10 PCTUSED 40 INITRANS 1 MAXTRANS 255 
 NOCOMPRESS LOGGING
  STORAGE(INITIAL 65536 NEXT 1048576 MINEXTENTS 1 MAXEXTENTS 2147483645
  PCTINCREASE 0 FREELISTS 1 FREELIST GROUPS 1
  BUFFER_POOL DEFAULT FLASH_CACHE DEFAULT CELL_FLASH_CACHE DEFAULT)
  TABLESPACE "USERS" ;
--------------------------------------------------------
--  DDL for Table ORDERS
--------------------------------------------------------

  CREATE TABLE "ORDERS" 
   (	"ORDER_ID" NUMBER(20,0), 
	"IDENTITY" NUMBER(20,0), 
	"ID" NUMBER(20,0), 
	"COUNT" NUMBER(20,0), 
	"PRICE" NUMBER(20,0), 
	"ADDRESS_ID" NUMBER(20,0)
   ) SEGMENT CREATION DEFERRED 
  PCTFREE 10 PCTUSED 40 INITRANS 1 MAXTRANS 255 
 NOCOMPRESS LOGGING
  TABLESPACE "USERS" ;
--------------------------------------------------------
--  DDL for Table PAY
--------------------------------------------------------

  CREATE TABLE "PAY" 
   (	"PAY_ID" NUMBER(20,0), 
	"ID" NUMBER(20,0), 
	"ORDER_ID" NUMBER(20,0), 
	"SUM" NUMBER(20,0), 
	"WAY" VARCHAR2(50 BYTE), 
	"CREATED" DATE DEFAULT SYSDATE --         

   ) SEGMENT CREATION DEFERRED 
  PCTFREE 10 PCTUSED 40 INITRANS 1 MAXTRANS 255 
 NOCOMPRESS LOGGING
  TABLESPACE "USERS" ;
--------------------------------------------------------
--  DDL for Table POST
--------------------------------------------------------

  CREATE TABLE "POST" 
   (	"POST_ID" NUMBER(20,0), 
	"ID" NUMBER(20,0), 
	"PTYPE_ID" NUMBER(20,0), 
	"TITLE" VARCHAR2(50 BYTE), 
	"CONTENT" VARCHAR2(50 BYTE), 
	"STATE" NUMBER(20,0), 
	"CREATED" DATE DEFAULT SYSDATE
   ) SEGMENT CREATION DEFERRED 
  PCTFREE 10 PCTUSED 40 INITRANS 1 MAXTRANS 255 
 NOCOMPRESS LOGGING
  TABLESPACE "USERS" ;
--------------------------------------------------------
--  DDL for Table PRODUCT
--------------------------------------------------------

  CREATE TABLE "PRODUCT" 
   (	"PRO_ID" NUMBER(20,0), 
	"NAME" VARCHAR2(250 BYTE), 
	"MAKE_ID" NUMBER(20,0), 
	"ING_ID" NUMBER(20,0), 
	"URL" VARCHAR2(50 BYTE), 
	"FORM_ID" NUMBER(20,0), 
	"EXPLAIN" VARCHAR2(500 BYTE), 
	"CAUTION" VARCHAR2(500 BYTE), 
	"PRICE" NUMBER(20,0)
   ) SEGMENT CREATION IMMEDIATE 
  PCTFREE 10 PCTUSED 40 INITRANS 1 MAXTRANS 255 
 NOCOMPRESS LOGGING
  STORAGE(INITIAL 65536 NEXT 1048576 MINEXTENTS 1 MAXEXTENTS 2147483645
  PCTINCREASE 0 FREELISTS 1 FREELIST GROUPS 1
  BUFFER_POOL DEFAULT FLASH_CACHE DEFAULT CELL_FLASH_CACHE DEFAULT)
  TABLESPACE "USERS" ;
--------------------------------------------------------
--  DDL for Table PTYPE
--------------------------------------------------------

  CREATE TABLE "PTYPE" 
   (	"PTYPE_ID" NUMBER(20,0), 
	"TYPE" VARCHAR2(50 BYTE)
   ) SEGMENT CREATION DEFERRED 
  PCTFREE 10 PCTUSED 40 INITRANS 1 MAXTRANS 255 
 NOCOMPRESS LOGGING
  TABLESPACE "USERS" ;
--------------------------------------------------------
--  DDL for Table REFRESH_TOCKEN
--------------------------------------------------------

  CREATE TABLE "REFRESH_TOCKEN" 
   (	"TOCKEN_ID" NUMBER(20,0), 
	"USERNAME" VARCHAR2(60 BYTE), 
	"REFRESH" VARCHAR2(320 BYTE), 
	"EXPIRATION" VARCHAR2(30 BYTE), 
	"ID" NUMBER(20,0), 
	"ISVALID" NUMBER(1,0) DEFAULT 1
   ) SEGMENT CREATION IMMEDIATE 
  PCTFREE 10 PCTUSED 40 INITRANS 1 MAXTRANS 255 
 NOCOMPRESS LOGGING
  STORAGE(INITIAL 65536 NEXT 1048576 MINEXTENTS 1 MAXEXTENTS 2147483645
  PCTINCREASE 0 FREELISTS 1 FREELIST GROUPS 1
  BUFFER_POOL DEFAULT FLASH_CACHE DEFAULT CELL_FLASH_CACHE DEFAULT)
  TABLESPACE "USERS" ;
--------------------------------------------------------
--  DDL for Table REFUND
--------------------------------------------------------

  CREATE TABLE "REFUND" 
   (	"REFUND_ID" NUMBER(20,0), 
	"PAY_ID" NUMBER(20,0), 
	"COUNT" NUMBER(20,0), 
	"REASON" VARCHAR2(50 BYTE), 
	"CREATED" DATE DEFAULT SYSDATE
   ) SEGMENT CREATION DEFERRED 
  PCTFREE 10 PCTUSED 40 INITRANS 1 MAXTRANS 255 
 NOCOMPRESS LOGGING
  TABLESPACE "USERS" ;
--------------------------------------------------------
--  DDL for Table REPORT
--------------------------------------------------------

  CREATE TABLE "REPORT" 
   (	"REPORT_ID" NUMBER(20,0), 
	"POST_ID" NUMBER(20,0), 
	"ID" NUMBER(20,0), 
	"REASON" VARCHAR2(50 BYTE), 
	"CREATED" DATE DEFAULT SYSDATE
   ) SEGMENT CREATION DEFERRED 
  PCTFREE 10 PCTUSED 40 INITRANS 1 MAXTRANS 255 
 NOCOMPRESS LOGGING
  TABLESPACE "USERS" ;
--------------------------------------------------------
--  DDL for Table CREPORT
--------------------------------------------------------

  CREATE TABLE "CREPORT" 
   (	"CREPORT_ID" NUMBER(20,0), 
	"COMME_ID" NUMBER(20,0), 
	"ID" NUMBER(20,0), 
	"REASON" VARCHAR2(50 BYTE), 
	"CREATED" DATE DEFAULT SYSDATE
   ) SEGMENT CREATION DEFERRED 
  PCTFREE 10 PCTUSED 40 INITRANS 1 MAXTRANS 255 
 NOCOMPRESS LOGGING
  TABLESPACE "USERS" ;
--------------------------------------------------------
--  DDL for Table REVIEW
--------------------------------------------------------

  CREATE TABLE "REVIEW" 
   (	"REV_ID" NUMBER(20,0), 
	"ID" NUMBER(20,0), 
	"PRO_ID" NUMBER(20,0), 
	"IMG" VARCHAR2(50 BYTE), 
	"RATING" NUMBER(20,0), 
	"CONTENT" VARCHAR2(320 BYTE), 
	"CREATED" DATE DEFAULT SYSDATE
   ) SEGMENT CREATION IMMEDIATE 
  PCTFREE 10 PCTUSED 40 INITRANS 1 MAXTRANS 255 
 NOCOMPRESS LOGGING
  STORAGE(INITIAL 65536 NEXT 1048576 MINEXTENTS 1 MAXEXTENTS 2147483645
  PCTINCREASE 0 FREELISTS 1 FREELIST GROUPS 1
  BUFFER_POOL DEFAULT FLASH_CACHE DEFAULT CELL_FLASH_CACHE DEFAULT)
  TABLESPACE "USERS" ;
--------------------------------------------------------
--  DDL for Table STOCK
--------------------------------------------------------

  CREATE TABLE "STOCK" 
   (	"STOCK_ID" NUMBER(20,0), 
	"PRO_ID" NUMBER(20,0), 
	"ADMIN_ID" NUMBER(20,0), 
	"COUNT" NUMBER(20,0), 
	"STATE" NUMBER(20,0), 
	"ADDITIONAL" DATE DEFAULT SYSDATE
   ) SEGMENT CREATION IMMEDIATE 
  PCTFREE 10 PCTUSED 40 INITRANS 1 MAXTRANS 255 
 NOCOMPRESS LOGGING
  STORAGE(INITIAL 65536 NEXT 1048576 MINEXTENTS 1 MAXEXTENTS 2147483645
  PCTINCREASE 0 FREELISTS 1 FREELIST GROUPS 1
  BUFFER_POOL DEFAULT FLASH_CACHE DEFAULT CELL_FLASH_CACHE DEFAULT)
  TABLESPACE "USERS" ;
--------------------------------------------------------
--  DDL for Table USERS
--------------------------------------------------------

  CREATE TABLE "USERS" 
   (	"ID" NUMBER(20,0), 
	"EMAIL" VARCHAR2(20 BYTE), 
	"NAME" VARCHAR2(20 BYTE), 
	"PASSWORD" VARCHAR2(80 BYTE), 
	"SEX" VARCHAR2(10 BYTE), 
	"BIRTH" DATE, 
	"ROLE" VARCHAR2(20 BYTE), 
	"OAUTH_PROVIDER" VARCHAR2(20 BYTE), 
	"OAUTH_EMAIL" VARCHAR2(20 BYTE), 
	"OAUTH_NAME" VARCHAR2(255 BYTE)
   ) SEGMENT CREATION IMMEDIATE 
  PCTFREE 10 PCTUSED 40 INITRANS 1 MAXTRANS 255 
 NOCOMPRESS LOGGING
  STORAGE(INITIAL 65536 NEXT 1048576 MINEXTENTS 1 MAXEXTENTS 2147483645
  PCTINCREASE 0 FREELISTS 1 FREELIST GROUPS 1
  BUFFER_POOL DEFAULT FLASH_CACHE DEFAULT CELL_FLASH_CACHE DEFAULT)
  TABLESPACE "USERS" ;
REM INSERTING into ADMIN
SET DEFINE OFF;
Insert into ADMIN (ADMIN_ID,NAME,ID,PASSWORD) values (1,'강재영','wodud3365','1234');
REM INSERTING into ANSWER
SET DEFINE OFF;
REM INSERTING into BASKET
SET DEFINE OFF;
REM INSERTING into BEN
SET DEFINE OFF;
REM INSERTING into BOOKMARK
SET DEFINE OFF;
REM INSERTING into COMMENTS
SET DEFINE OFF;
REM INSERTING into DELIVERY
SET DEFINE OFF;
REM INSERTING into FORM
SET DEFINE OFF;
Insert into FORM (FORM_ID,TYPE) values (1,'가루');
Insert into FORM (FORM_ID,TYPE) values (2,'알약');
Insert into FORM (FORM_ID,TYPE) values (3,'액상');
REM INSERTING into IMGS
SET DEFINE OFF;
Insert into IMGS (IMG_ID,PRO_ID,IMG) values (1,1,'product01
');
Insert into IMGS (IMG_ID,PRO_ID,IMG) values (2,2,'product02');
Insert into IMGS (IMG_ID,PRO_ID,IMG) values (3,3,'product03');
Insert into IMGS (IMG_ID,PRO_ID,IMG) values (4,4,'product04
');
Insert into IMGS (IMG_ID,PRO_ID,IMG) values (5,5,'product05');
Insert into IMGS (IMG_ID,PRO_ID,IMG) values (6,6,'product06');
Insert into IMGS (IMG_ID,PRO_ID,IMG) values (7,7,'product07');
Insert into IMGS (IMG_ID,PRO_ID,IMG) values (8,8,'product08');
Insert into IMGS (IMG_ID,PRO_ID,IMG) values (9,9,'product09');
Insert into IMGS (IMG_ID,PRO_ID,IMG) values (10,10,'product10');
REM INSERTING into INGREDIENT
SET DEFINE OFF;
Insert into INGREDIENT (ING_ID,NAME,INFO_ID) values (2,'비타민 C',19);
Insert into INGREDIENT (ING_ID,NAME,INFO_ID) values (3,'비타민 D',49);
Insert into INGREDIENT (ING_ID,NAME,INFO_ID) values (1,'비타민 B2',14);
Insert into INGREDIENT (ING_ID,NAME,INFO_ID) values (4,'비타민 E',7);
Insert into INGREDIENT (ING_ID,NAME,INFO_ID) values (5,'비타민 K',12);
Insert into INGREDIENT (ING_ID,NAME,INFO_ID) values (6,'비타민 B6',13);
Insert into INGREDIENT (ING_ID,NAME,INFO_ID) values (7,'비타민 B1',11);
Insert into INGREDIENT (ING_ID,NAME,INFO_ID) values (8,'비타민 B12',18);
Insert into INGREDIENT (ING_ID,NAME,INFO_ID) values (9,'비타민 A',50);
Insert into INGREDIENT (ING_ID,NAME,INFO_ID) values (10,'아연',258);
Insert into INGREDIENT (ING_ID,NAME,INFO_ID) values (11,'마그네슘',20);
Insert into INGREDIENT (ING_ID,NAME,INFO_ID) values (12,'프로바이오틱스',51);
Insert into INGREDIENT (ING_ID,NAME,INFO_ID) values (13,'오메가-3 지방산 함유 유지',197);
Insert into INGREDIENT (ING_ID,NAME,INFO_ID) values (14,'가르시니아캄보지아 추출물',3);
Insert into INGREDIENT (ING_ID,NAME,INFO_ID) values (15,'레시틴',273);
Insert into INGREDIENT (ING_ID,NAME,INFO_ID) values (16,'코엔자임Q10',327);
Insert into INGREDIENT (ING_ID,NAME,INFO_ID) values (17,'칼슘',21);
Insert into INGREDIENT (ING_ID,NAME,INFO_ID) values (18,'밀크씨슬',null);
REM INSERTING into INQUIRY
SET DEFINE OFF;
REM INSERTING into MAKE
SET DEFINE OFF;
Insert into MAKE (MAKE_ID,NAME,TEL,ZIPCODE,ADDRESS,ADDRESSDETAIL) values (1,'라이프 익스텐션','010-3242-5531',453642,'부산 광영시 주례동','긍향 빌딩 102호');
Insert into MAKE (MAKE_ID,NAME,TEL,ZIPCODE,ADDRESS,ADDRESSDETAIL) values (2,'나우푸드','010-1234-5678',123456,'서울특별시 강남구','역삼동 123-45');
Insert into MAKE (MAKE_ID,NAME,TEL,ZIPCODE,ADDRESS,ADDRESSDETAIL) values (3,'Life Extension','010-2345-6789',234567,'인천광역시 남구','주안동 12-34');
Insert into MAKE (MAKE_ID,NAME,TEL,ZIPCODE,ADDRESS,ADDRESSDETAIL) values (4,'센트룸','010-3456-7890',345678,'대전광역시 서구','둔산동 56-78');
Insert into MAKE (MAKE_ID,NAME,TEL,ZIPCODE,ADDRESS,ADDRESSDETAIL) values (5,'California Gold Nutrition','010-4567-8901',456789,'부산광역시 해운대구','우동 90-12');
Insert into MAKE (MAKE_ID,NAME,TEL,ZIPCODE,ADDRESS,ADDRESSDETAIL) values (6,'네이처 메이드','010-5678-9012',567890,'울산광역시 남구','신정동 34-56');
Insert into MAKE (MAKE_ID,NAME,TEL,ZIPCODE,ADDRESS,ADDRESSDETAIL) values (7,'옵티멈 뉴트리션','010-6789-0123',678901,'대구광역시 수성구','범어동 78-90');
Insert into MAKE (MAKE_ID,NAME,TEL,ZIPCODE,ADDRESS,ADDRESSDETAIL) values (8,'Super Nutrition','010-7890-1234',789012,'광주광역시 북구','운암동 12-34');
Insert into MAKE (MAKE_ID,NAME,TEL,ZIPCODE,ADDRESS,ADDRESSDETAIL) values (9,'라이프','010-8901-2345',890123,'제주특별자치도 제주시','노형동 56-78');
Insert into MAKE (MAKE_ID,NAME,TEL,ZIPCODE,ADDRESS,ADDRESSDETAIL) values (10,'Natural Factors','010-9012-3456',901234,'경기도 수원시 장안구','파장동 90-12');
Insert into MAKE (MAKE_ID,NAME,TEL,ZIPCODE,ADDRESS,ADDRESSDETAIL) values (11,'21st Century','010-5252-5321',421463,'부산광역시 주례동','주례로 53');
REM INSERTING into NUTRIENT
SET DEFINE OFF;
Insert into NUTRIENT (NUT_ID,PRO_ID,ING_ID,CAPACITY) values (4,2,3,100);
Insert into NUTRIENT (NUT_ID,PRO_ID,ING_ID,CAPACITY) values (7,1,1,50);
Insert into NUTRIENT (NUT_ID,PRO_ID,ING_ID,CAPACITY) values (8,1,5,20);
Insert into NUTRIENT (NUT_ID,PRO_ID,ING_ID,CAPACITY) values (5,2,4,30);
Insert into NUTRIENT (NUT_ID,PRO_ID,ING_ID,CAPACITY) values (6,2,5,10);
REM INSERTING into ORDERS
SET DEFINE OFF;
REM INSERTING into PAY
SET DEFINE OFF;
REM INSERTING into POST
SET DEFINE OFF;
REM INSERTING into PRODUCT
SET DEFINE OFF;
Insert into PRODUCT (PRO_ID,NAME,MAKE_ID,ING_ID,URL,FORM_ID,EXPLAIN,CAUTION,PRICE) values (1,'투 퍼 데이 멀티비타민, 120 타블렛(비타민 B2)',1,1,'www.today.com',2,'당사의 Two-Per-Day 종합비타민 캡슐은 귀하의 건강과 웰빙을 지원하는 광범위한 필수 비타민, 미네랄 및 기타 영양소를 제공합니다.','하루 2회이상 복용하지 마세요',23000);
Insert into PRODUCT (PRO_ID,NAME,MAKE_ID,ING_ID,URL,FORM_ID,EXPLAIN,CAUTION,PRICE) values (2,'나우푸드 비타민 D 프리미엄 피쉬 오일, 피쉬 젤라틴 소프트젤 100정(비타민 D)',2,13,'www.fewfew23.com',2,'오메가3 피쉬 오일은 심장 건강을 지원하고 염증을 줄이는 데 도움을 줍니다.','하루 1회이상 복용하지 마세요',42000);
Insert into PRODUCT (PRO_ID,NAME,MAKE_ID,ING_ID,URL,FORM_ID,EXPLAIN,CAUTION,PRICE) values (3,'NOW Foods, 비타민C 크리스털, 454g(1lbs)',2,2,'www.etwfw2.com',1,'비타민C는 면역계에서 중요한 역할을 하는 것으로 잘 알려진 수용성 영양소입니다. 또한 비타민C는 콜라겐(연결 조직의 구조 단백질) 생성에도 필수적인 요소로, 피부, 뼈, 관절 건강에 중요합니다','성인 전용 상품입니다. 임신 또는 수유 중이거나 다른 약을 복용 중이거나 질병이 있는 경우 의사와 상의하십시오. 어린이의 손이 닿지 않는 곳에 보관하십시오.',25063);
Insert into PRODUCT (PRO_ID,NAME,MAKE_ID,ING_ID,URL,FORM_ID,EXPLAIN,CAUTION,PRICE) values (4,'California Gold Nutrition, 실리마린 복합체, 민들레, 아티초크, Curcumin C3 Complex, 생강, 및 BioPerine 함유 밀크시슬 추출물, 베지 캡슐 120정',5,18,'www.etwfw2.com',1,'간의 핵심은 혈액을 여과하고 유해한 독소나 노폐물을 제거하는 것이므로, 체내에서 간의 역할은 중요합니다. 그러므로 간을 잘 관리하는 것이 중요합니다. California Gold Nutrition 실리마린 복합체는 간 건강에 도움이 되는 밀크시슬, 강황 및 기타 식물에서 추출한 천연 허브 추출물을 함유하고 있습니다','어린이의 손이 닿지 않는 곳에 보관하십시오. 보충제를 복용하기 전에 면허가 있는 의사, 약사, 자연 요법 의사, 기타 자격을 갖춘 의료 전문가와 상의하십시오. 안전 밀봉된 제품입니다. 안전 밀봉이 손상되거나 없는 경우에는 복용하지 마십시오',65410);
Insert into PRODUCT (PRO_ID,NAME,MAKE_ID,ING_ID,URL,FORM_ID,EXPLAIN,CAUTION,PRICE) values (5,'California Gold Nutrition, 비타민D3, 50mcg(2,000IU), 피쉬 젤라틴 소프트젤 90정',5,3,'www.etwfw2.com',1,'하루에 소프트젤 1정을 식사와 함께 복용하십시오. 자격을 갖춘 의료 전문가의 지시에 따라 복용하는 것이 가장 좋습니다.','어린이의 손이 닿지 않는 곳에 보관하십시오. 보충제를 복용하기 전에 면허가 있는 의사, 약사, 자연 요법 의사, 기타 자격을 갖춘 의료 전문가와 상담하십시오.',21561);
Insert into PRODUCT (PRO_ID,NAME,MAKE_ID,ING_ID,URL,FORM_ID,EXPLAIN,CAUTION,PRICE) values (6,'NOW Foods, 아연, 50mg, 250정',2,10,'www.etwfw2.com',1,'매일 1정을 식사와 함께 복용하십시오.','인 전용 제품입니다. 본 제품은 장기간 사용하는 제품이 아니며, 지시에 따라서만 사용하십시오. 임신 또는 수유 중에는 사용하지 마십시오. 현재 약물을 복용 중이거나 질환이 있는 경우에는 의사와 상의하십시오. 어린이의 손이 닿지 않는 곳에 보관하십시오.',13353);
Insert into PRODUCT (PRO_ID,NAME,MAKE_ID,ING_ID,URL,FORM_ID,EXPLAIN,CAUTION,PRICE) values (7,'21st Century, 비타민A, 3,000mcg(10,000IU), 소프트젤 110정',11,9,'www.etwfw2.com',1,'비타민 보충제로서 성인은 매일 소프트젤 1정을 식사와 함께 섭취하거나 의료 전문가의 지시에 따르십시오. 권장 복용량을 초과하여 드시지 마십시오. 효과는 사람에 따라 다를 수 있습니다.','임신 또는 수유 중이거나 약물을 복용 중인 경우, 질병이 있거나 치료를 계획 중인 경우에는 제품 사용 전에 의료 전문가와 상의하십시오. 부작용이 발생하면 사용을 중단하고 의사와 상의하십시오.',5016);
Insert into PRODUCT (PRO_ID,NAME,MAKE_ID,ING_ID,URL,FORM_ID,EXPLAIN,CAUTION,PRICE) values (8,'Natural Factors, 비타민A, 3,000mcg(10,000IU), 소프트젤 180정',10,9,'www.etwfw2.com',1,'비타민A는 시력, 피부 및 점막 건강을 촉진합니다. 튼튼한 뼈와 치아를 유지하고 신체의 자연적인 방어력을 지원합니다.','다른 보충제와 마찬가지로, 임신 또는 수유 중이거나, 임신을 계획 중이거나, 약물을 복용 중이거나, 질병이 있거나, 수술 예정인 분은 복용 전에 의료 전문가와 상의하십시오. 어린이의 손이 닿지 않는 곳에 보관하십시오.',7762);
Insert into PRODUCT (PRO_ID,NAME,MAKE_ID,ING_ID,URL,FORM_ID,EXPLAIN,CAUTION,PRICE) values (9,'Life Extension, 마그네슘 캡슐, 500 mg, 100 베지 캡슐',3,11,'www.etwfw2.com',1,'이 마그네슘 보충제는 몸에서 심장 및 뼈 건강, 건강한 에너지 대사, 뇌 기능 등을 강화하는 데 필요한 일일 마그네슘 복용량을 제공합니다.',': 마그네슘은 고용량으로 섭취할 시 설사를 일으킬 수 있습니다. 이 경우 나누어 복용하거나 복용량을 줄이거나 섭취를 중단하십시오.',11347);
Insert into PRODUCT (PRO_ID,NAME,MAKE_ID,ING_ID,URL,FORM_ID,EXPLAIN,CAUTION,PRICE) values (10,'Super Nutrition, 오메가3 피쉬 오일, Vivomega 트리글리세리드, 1,000mg, 피쉬 소프트젤 90정',8,13,'www.etwfw2.com',1,'오메가3 지방산은 신체에 필수적인 좋은 지방이며 보통 식품, 특히 생선에서 자연적으로 발견됩니다. Super Nutrition 오메가3 피쉬 오일은 심장 건강을 증진하는 데 도움을 줄 수 있는 두 가지 유형의 오메가3를 함유합니다.*','어린이의 손이 닿지 않는 곳에 보관하십시오. 보충제를 복용하기 전에 면허가 있는 의사, 약사, 자연 요법 의사, 기타 자격을 갖춘 의료 전문가와 상의하십시오.',21927);
REM INSERTING into PTYPE
SET DEFINE OFF;
REM INSERTING into REFRESH_TOCKEN
SET DEFINE OFF;
Insert into REFRESH_TOCKEN (TOCKEN_ID,USERNAME,REFRESH,EXPIRATION,ID,ISVALID) values (87,'wodud6967@naver.com','eyJhbGciOiJIUzI1NiJ9.eyJjYXRlZ29yeSI6InJlZnJlc2giLCJ1c2VyRW1haWwiOiJ3b2R1ZDY5NjdAbmF2ZXIuY29tIiwicm9sZSI6IlJPTEVfVVNFUiIsInVzZXJJZCI6MSwibmFtZSI6IuqwleyerOyYgSIsImlhdCI6MTcxODAxMTMyMSwiZXhwIjoxNzE4MDk3NzIxfQ.aU5_VufdN36E9Wq_UJ_vqNVy41bQ_Yho5x_tl_T8wnU','Tue Jun 11 18:22:01 KST 2024',1,0);
Insert into REFRESH_TOCKEN (TOCKEN_ID,USERNAME,REFRESH,EXPIRATION,ID,ISVALID) values (88,'wodud6967@naver.com','eyJhbGciOiJIUzI1NiJ9.eyJjYXRlZ29yeSI6InJlZnJlc2giLCJ1c2VyRW1haWwiOiJ3b2R1ZDY5NjdAbmF2ZXIuY29tIiwicm9sZSI6IlJPTEVfVVNFUiIsInVzZXJJZCI6MSwibmFtZSI6IuqwleyerOyYgSIsImlhdCI6MTcxODAxMTM3OSwiZXhwIjoxNzE4MDk3Nzc5fQ.eeH8xXquQQz6znKeVuNn0ADop2Y_Vnl1vfSVe19BfNU','Tue Jun 11 18:22:59 KST 2024',1,0);
Insert into REFRESH_TOCKEN (TOCKEN_ID,USERNAME,REFRESH,EXPIRATION,ID,ISVALID) values (89,'wodud3365@naver.com','eyJhbGciOiJIUzI1NiJ9.eyJjYXRlZ29yeSI6InJlZnJlc2giLCJ1c2VyRW1haWwiOiJ3b2R1ZDMzNjVAbmF2ZXIuY29tIiwicm9sZSI6IlJPTEVfVVNFUiIsInVzZXJJZCI6NCwibmFtZSI6IuqwleyerOyYgSIsImlhdCI6MTcxODAxMTQxMiwiZXhwIjoxNzE4MDk3ODEyfQ.XLTdWQLwI4mT1aNAEb_Ua3o09n8uoOmwos-8QRdSHKo','Tue Jun 11 18:23:32 KST 2024',4,0);
Insert into REFRESH_TOCKEN (TOCKEN_ID,USERNAME,REFRESH,EXPIRATION,ID,ISVALID) values (90,'wodud6967@naver.com','eyJhbGciOiJIUzI1NiJ9.eyJjYXRlZ29yeSI6InJlZnJlc2giLCJ1c2VyRW1haWwiOiJ3b2R1ZDY5NjdAbmF2ZXIuY29tIiwicm9sZSI6IlJPTEVfVVNFUiIsInVzZXJJZCI6MSwibmFtZSI6IuqwleyerOyYgSIsImlhdCI6MTcxODAxMTQ3NywiZXhwIjoxNzE4MDk3ODc3fQ.pVXDbQ4FfhFoTCCFHX09hned9TYkx6L2KlWyLBii74U','Tue Jun 11 18:24:37 KST 2024',1,0);
Insert into REFRESH_TOCKEN (TOCKEN_ID,USERNAME,REFRESH,EXPIRATION,ID,ISVALID) values (91,'wodud3365@naver.com','eyJhbGciOiJIUzI1NiJ9.eyJjYXRlZ29yeSI6InJlZnJlc2giLCJ1c2VyRW1haWwiOiJ3b2R1ZDMzNjVAbmF2ZXIuY29tIiwicm9sZSI6IlJPTEVfVVNFUiIsInVzZXJJZCI6NCwibmFtZSI6IuqwleyerOyYgSIsImlhdCI6MTcxODAxMTYxMSwiZXhwIjoxNzE4MDk4MDExfQ.ji2k8wbp0_ShWPLOmARcutp1JQwVEBi1ETF125pH_wA','Tue Jun 11 18:26:51 KST 2024',4,0);
Insert into REFRESH_TOCKEN (TOCKEN_ID,USERNAME,REFRESH,EXPIRATION,ID,ISVALID) values (92,'wodud6967@naver.com','eyJhbGciOiJIUzI1NiJ9.eyJjYXRlZ29yeSI6InJlZnJlc2giLCJ1c2VyRW1haWwiOiJ3b2R1ZDY5NjdAbmF2ZXIuY29tIiwicm9sZSI6IlJPTEVfVVNFUiIsInVzZXJJZCI6MSwibmFtZSI6IuqwleyerOyYgSIsImlhdCI6MTcxODAxMTY4MywiZXhwIjoxNzE4MDk4MDgzfQ.0On1X2PXZee6VqxNOUlzKIJqhN5cIczodTXfGJf1OiU','Tue Jun 11 18:28:03 KST 2024',1,0);
Insert into REFRESH_TOCKEN (TOCKEN_ID,USERNAME,REFRESH,EXPIRATION,ID,ISVALID) values (93,'wodud6967@naver.com','eyJhbGciOiJIUzI1NiJ9.eyJjYXRlZ29yeSI6InJlZnJlc2giLCJ1c2VyRW1haWwiOiJ3b2R1ZDY5NjdAbmF2ZXIuY29tIiwicm9sZSI6IlJPTEVfVVNFUiIsInVzZXJJZCI6MSwibmFtZSI6IuqwleyerOyYgSIsImlhdCI6MTcxODAxMTc0MSwiZXhwIjoxNzE4MDk4MTQxfQ.mA_bOQ0f7EhEY5wfoZdx3IO0NHDOeZvzsV25NUEuabk','Tue Jun 11 18:29:01 KST 2024',1,0);
Insert into REFRESH_TOCKEN (TOCKEN_ID,USERNAME,REFRESH,EXPIRATION,ID,ISVALID) values (94,'wodud6967@naver.com','eyJhbGciOiJIUzI1NiJ9.eyJjYXRlZ29yeSI6InJlZnJlc2giLCJ1c2VyRW1haWwiOiJ3b2R1ZDY5NjdAbmF2ZXIuY29tIiwicm9sZSI6IlJPTEVfVVNFUiIsInVzZXJJZCI6MSwibmFtZSI6IuqwleyerOyYgSIsImlhdCI6MTcxODAxMTc1NSwiZXhwIjoxNzE4MDk4MTU1fQ.148oQwxo1kJKNtRoFVuTwPh58f6vJCyehtKG_eDZdu4','Tue Jun 11 18:29:15 KST 2024',1,0);
Insert into REFRESH_TOCKEN (TOCKEN_ID,USERNAME,REFRESH,EXPIRATION,ID,ISVALID) values (95,'wodud6967@naver.com','eyJhbGciOiJIUzI1NiJ9.eyJjYXRlZ29yeSI6InJlZnJlc2giLCJ1c2VyRW1haWwiOiJ3b2R1ZDY5NjdAbmF2ZXIuY29tIiwicm9sZSI6IlJPTEVfVVNFUiIsInVzZXJJZCI6MSwibmFtZSI6IuqwleyerOyYgSIsImlhdCI6MTcxODAxMTg3MSwiZXhwIjoxNzE4MDk4MjcxfQ.Kqgz6748P61AU5vIvGAUQgwTX5RLYiHUgNtadI9kAc8','Tue Jun 11 18:31:11 KST 2024',1,0);
Insert into REFRESH_TOCKEN (TOCKEN_ID,USERNAME,REFRESH,EXPIRATION,ID,ISVALID) values (96,'wodud6967@naver.com','eyJhbGciOiJIUzI1NiJ9.eyJjYXRlZ29yeSI6InJlZnJlc2giLCJ1c2VyRW1haWwiOiJ3b2R1ZDY5NjdAbmF2ZXIuY29tIiwicm9sZSI6IlJPTEVfVVNFUiIsInVzZXJJZCI6MSwibmFtZSI6IuqwleyerOyYgSIsImlhdCI6MTcxODAxMTk3MiwiZXhwIjoxNzE4MDk4MzcyfQ.icXSVr42XXYIdhAqbl8GosUsPDuX8BDFB4NoExYoyb8','Tue Jun 11 18:32:52 KST 2024',1,0);
Insert into REFRESH_TOCKEN (TOCKEN_ID,USERNAME,REFRESH,EXPIRATION,ID,ISVALID) values (97,'wodud6967@naver.com','eyJhbGciOiJIUzI1NiJ9.eyJjYXRlZ29yeSI6InJlZnJlc2giLCJ1c2VyRW1haWwiOiJ3b2R1ZDY5NjdAbmF2ZXIuY29tIiwicm9sZSI6IlJPTEVfVVNFUiIsInVzZXJJZCI6MSwibmFtZSI6IuqwleyerOyYgSIsImlhdCI6MTcxODAxMjE0MiwiZXhwIjoxNzE4MDk4NTQyfQ.JeYXzG6_sNaMFA1GsgTFUV0sQGkmH9xYF5nnWlsd2A8','Tue Jun 11 18:35:42 KST 2024',1,0);
Insert into REFRESH_TOCKEN (TOCKEN_ID,USERNAME,REFRESH,EXPIRATION,ID,ISVALID) values (98,'wodud6967@naver.com','eyJhbGciOiJIUzI1NiJ9.eyJjYXRlZ29yeSI6InJlZnJlc2giLCJ1c2VyRW1haWwiOiJ3b2R1ZDY5NjdAbmF2ZXIuY29tIiwicm9sZSI6IlJPTEVfVVNFUiIsInVzZXJJZCI6MSwibmFtZSI6IuqwleyerOyYgSIsImlhdCI6MTcxODAxMjg1MywiZXhwIjoxNzE4MDk5MjUzfQ.v7GQjhgiBPgik64b4GoDqcJF7iRDxtu9GsMoGIQQSlk','Tue Jun 11 18:47:33 KST 2024',1,0);
Insert into REFRESH_TOCKEN (TOCKEN_ID,USERNAME,REFRESH,EXPIRATION,ID,ISVALID) values (99,'wodud6967@naver.com','eyJhbGciOiJIUzI1NiJ9.eyJjYXRlZ29yeSI6InJlZnJlc2giLCJ1c2VyRW1haWwiOiJ3b2R1ZDY5NjdAbmF2ZXIuY29tIiwicm9sZSI6IlJPTEVfVVNFUiIsInVzZXJJZCI6MSwibmFtZSI6IuqwleyerOyYgSIsImlhdCI6MTcxODAxMzMxOCwiZXhwIjoxNzE4MDk5NzE4fQ._hSkWOqgNnT8LqiohwvT4Lw1R-xam0RGN2k-5C_tU7k','Tue Jun 11 18:55:18 KST 2024',1,0);
Insert into REFRESH_TOCKEN (TOCKEN_ID,USERNAME,REFRESH,EXPIRATION,ID,ISVALID) values (100,'wodud6967@naver.com','eyJhbGciOiJIUzI1NiJ9.eyJjYXRlZ29yeSI6InJlZnJlc2giLCJ1c2VyRW1haWwiOiJ3b2R1ZDY5NjdAbmF2ZXIuY29tIiwicm9sZSI6IlJPTEVfVVNFUiIsInVzZXJJZCI6MSwibmFtZSI6IuqwleyerOyYgSIsImlhdCI6MTcxODAxMzcyMCwiZXhwIjoxNzE4MTAwMTIwfQ.YzQ18DkBHenZmJ5ZA074uGCyQkq_3lf1n9XqaB8Svvg','Tue Jun 11 19:02:00 KST 2024',1,0);
Insert into REFRESH_TOCKEN (TOCKEN_ID,USERNAME,REFRESH,EXPIRATION,ID,ISVALID) values (101,'wodud6967@naver.com','eyJhbGciOiJIUzI1NiJ9.eyJjYXRlZ29yeSI6InJlZnJlc2giLCJ1c2VyRW1haWwiOiJ3b2R1ZDY5NjdAbmF2ZXIuY29tIiwicm9sZSI6IlJPTEVfVVNFUiIsInVzZXJJZCI6MSwibmFtZSI6IuqwleyerOyYgSIsImlhdCI6MTcxODAxMzkxNCwiZXhwIjoxNzE4MTAwMzE0fQ.69F0T6-UOUDs-8RSL0VfmeYJIqiFWdF6cOnu7YrtDP8','Tue Jun 11 19:05:14 KST 2024',1,0);
Insert into REFRESH_TOCKEN (TOCKEN_ID,USERNAME,REFRESH,EXPIRATION,ID,ISVALID) values (102,'wodud6967@naver.com','eyJhbGciOiJIUzI1NiJ9.eyJjYXRlZ29yeSI6InJlZnJlc2giLCJ1c2VyRW1haWwiOiJ3b2R1ZDY5NjdAbmF2ZXIuY29tIiwicm9sZSI6IlJPTEVfVVNFUiIsInVzZXJJZCI6MSwibmFtZSI6IuqwleyerOyYgSIsImlhdCI6MTcxODAxMzk5NiwiZXhwIjoxNzE4MTAwMzk2fQ.YBrxTXHqSb8fTK0s3Rx2xmh4W6cya9uffhWbsJWUGKY','Tue Jun 11 19:06:36 KST 2024',1,0);
Insert into REFRESH_TOCKEN (TOCKEN_ID,USERNAME,REFRESH,EXPIRATION,ID,ISVALID) values (103,'wodud6967@naver.com','eyJhbGciOiJIUzI1NiJ9.eyJjYXRlZ29yeSI6InJlZnJlc2giLCJ1c2VyRW1haWwiOiJ3b2R1ZDY5NjdAbmF2ZXIuY29tIiwicm9sZSI6IlJPTEVfVVNFUiIsInVzZXJJZCI6MSwibmFtZSI6IuqwleyerOyYgSIsImlhdCI6MTcxODAxNTgxNCwiZXhwIjoxNzE4MTAyMjE0fQ.Wjoq2yvyJpPJ0KTRZ-zVTlQWf0pAp4Pem5bieSN8-sA','Tue Jun 11 19:36:54 KST 2024',1,0);
Insert into REFRESH_TOCKEN (TOCKEN_ID,USERNAME,REFRESH,EXPIRATION,ID,ISVALID) values (104,'wodud6967@naver.com','eyJhbGciOiJIUzI1NiJ9.eyJjYXRlZ29yeSI6InJlZnJlc2giLCJ1c2VyRW1haWwiOiJ3b2R1ZDY5NjdAbmF2ZXIuY29tIiwicm9sZSI6IlJPTEVfVVNFUiIsInVzZXJJZCI6MSwibmFtZSI6IuqwleyerOyYgSIsImlhdCI6MTcxODAxNTg2MSwiZXhwIjoxNzE4MTAyMjYxfQ.MafjrFWyUflPNyKr5i3bNt1PxS2-aptU1i9hs8e5Qx4','Tue Jun 11 19:37:41 KST 2024',1,0);
Insert into REFRESH_TOCKEN (TOCKEN_ID,USERNAME,REFRESH,EXPIRATION,ID,ISVALID) values (105,'wodud6967@naver.com','eyJhbGciOiJIUzI1NiJ9.eyJjYXRlZ29yeSI6InJlZnJlc2giLCJ1c2VyRW1haWwiOiJ3b2R1ZDY5NjdAbmF2ZXIuY29tIiwicm9sZSI6IlJPTEVfVVNFUiIsInVzZXJJZCI6MSwibmFtZSI6IuqwleyerOyYgSIsImlhdCI6MTcxODAxNzQ4OSwiZXhwIjoxNzE4MTAzODg5fQ.wOoXRIrXa7elYgpDsKX7mcZSHDhVGuQy25qQuwN_8fY','Tue Jun 11 20:04:49 KST 2024',1,0);
Insert into REFRESH_TOCKEN (TOCKEN_ID,USERNAME,REFRESH,EXPIRATION,ID,ISVALID) values (106,'wodud6967@naver.com','eyJhbGciOiJIUzI1NiJ9.eyJjYXRlZ29yeSI6InJlZnJlc2giLCJ1c2VyRW1haWwiOiJ3b2R1ZDY5NjdAbmF2ZXIuY29tIiwicm9sZSI6IlJPTEVfVVNFUiIsInVzZXJJZCI6MSwibmFtZSI6IuqwleyerOyYgSIsImlhdCI6MTcxODAxNzYxMCwiZXhwIjoxNzE4MTA0MDEwfQ.BWwCSzRYxYntq8FMiDpkphkF8r6zcobCT9c22ELAKQM','Tue Jun 11 20:06:50 KST 2024',1,0);
Insert into REFRESH_TOCKEN (TOCKEN_ID,USERNAME,REFRESH,EXPIRATION,ID,ISVALID) values (107,'wodud6967@naver.com','eyJhbGciOiJIUzI1NiJ9.eyJjYXRlZ29yeSI6InJlZnJlc2giLCJ1c2VyRW1haWwiOiJ3b2R1ZDY5NjdAbmF2ZXIuY29tIiwicm9sZSI6IlJPTEVfVVNFUiIsInVzZXJJZCI6MSwibmFtZSI6IuqwleyerOyYgSIsImlhdCI6MTcxODAxNzY3MywiZXhwIjoxNzE4MTA0MDczfQ.VRbbL4wOMRO_8rpNhWyISyqUYzptI0XUdkQzg8nowfg','Tue Jun 11 20:07:53 KST 2024',1,0);
Insert into REFRESH_TOCKEN (TOCKEN_ID,USERNAME,REFRESH,EXPIRATION,ID,ISVALID) values (108,'wodud6967@naver.com','eyJhbGciOiJIUzI1NiJ9.eyJjYXRlZ29yeSI6InJlZnJlc2giLCJ1c2VyRW1haWwiOiJ3b2R1ZDY5NjdAbmF2ZXIuY29tIiwicm9sZSI6IlJPTEVfVVNFUiIsInVzZXJJZCI6MSwibmFtZSI6IuqwleyerOyYgSIsImlhdCI6MTcxODAxNzc5MCwiZXhwIjoxNzE4MTA0MTkwfQ.1tnoJ6ndUkWzs7_Ulstep9J8iN1m8coVbR1wz76vibQ','Tue Jun 11 20:09:50 KST 2024',1,0);
Insert into REFRESH_TOCKEN (TOCKEN_ID,USERNAME,REFRESH,EXPIRATION,ID,ISVALID) values (1,'naver VOtFDr_KJJVkECm6FWO-Pq9Ml9IYKjd9lhOvilNsbYU','eyJhbGciOiJIUzI1NiJ9.eyJjYXRlZ29yeSI6InJlZnJlc2giLCJ1c2VybmFtZSI6Im5hdmVyIFZPdEZEcl9LSkpWa0VDbTZGV08tUHE5TWw5SVlLamQ5bGhPdmlsTnNiWVUiLCJyb2xlIjoiUk9MRV9VU0VSIiwidXNlcklkIjoxLCJpYXQiOjE3MTc1NzEzODgsImV4cCI6MTcxNzY1Nzc4OH0.YJimJx9wenUL3w2TUkoGi-9M7gH2CdIfI4aSzqSa-VE','Thu Jun 06 16:09:48 KST 2024',1,0);
Insert into REFRESH_TOCKEN (TOCKEN_ID,USERNAME,REFRESH,EXPIRATION,ID,ISVALID) values (2,'naver VOtFDr_KJJVkECm6FWO-Pq9Ml9IYKjd9lhOvilNsbYU','eyJhbGciOiJIUzI1NiJ9.eyJjYXRlZ29yeSI6InJlZnJlc2giLCJ1c2VybmFtZSI6Im5hdmVyIFZPdEZEcl9LSkpWa0VDbTZGV08tUHE5TWw5SVlLamQ5bGhPdmlsTnNiWVUiLCJyb2xlIjoiUk9MRV9VU0VSIiwidXNlcklkIjoxLCJpYXQiOjE3MTc1NzE1NjksImV4cCI6MTcxNzY1Nzk2OX0.0aAlPj0tUeA3AUSc0z-tICHe1tzRzGmqoiTtHSBTOQ8','Thu Jun 06 16:12:49 KST 2024',1,0);
Insert into REFRESH_TOCKEN (TOCKEN_ID,USERNAME,REFRESH,EXPIRATION,ID,ISVALID) values (3,'naver VOtFDr_KJJVkECm6FWO-Pq9Ml9IYKjd9lhOvilNsbYU','eyJhbGciOiJIUzI1NiJ9.eyJjYXRlZ29yeSI6InJlZnJlc2giLCJ1c2VybmFtZSI6Im5hdmVyIFZPdEZEcl9LSkpWa0VDbTZGV08tUHE5TWw5SVlLamQ5bGhPdmlsTnNiWVUiLCJyb2xlIjoiUk9MRV9VU0VSIiwidXNlcklkIjoxLCJpYXQiOjE3MTc1NzU0MjQsImV4cCI6MTcxNzY2MTgyNH0.-Gm6RhfypOxNXpF8nh39mGcl80nUn53mIABrOn_BexU','Thu Jun 06 17:17:04 KST 2024',1,0);
Insert into REFRESH_TOCKEN (TOCKEN_ID,USERNAME,REFRESH,EXPIRATION,ID,ISVALID) values (4,'google 107200546475888078787','eyJhbGciOiJIUzI1NiJ9.eyJjYXRlZ29yeSI6InJlZnJlc2giLCJ1c2VybmFtZSI6Imdvb2dsZSAxMDcyMDA1NDY0NzU4ODgwNzg3ODciLCJyb2xlIjoiUk9MRV9VU0VSIiwidXNlcklkIjoyLCJpYXQiOjE3MTc1NzU0MzQsImV4cCI6MTcxNzY2MTgzNH0.NOnu18eDFdyMsK0EXiHa-YxaLUBOb86f-665kvRBjZY','Thu Jun 06 17:17:14 KST 2024',2,0);
Insert into REFRESH_TOCKEN (TOCKEN_ID,USERNAME,REFRESH,EXPIRATION,ID,ISVALID) values (5,'naver VOtFDr_KJJVkECm6FWO-Pq9Ml9IYKjd9lhOvilNsbYU','eyJhbGciOiJIUzI1NiJ9.eyJjYXRlZ29yeSI6InJlZnJlc2giLCJ1c2VybmFtZSI6Im5hdmVyIFZPdEZEcl9LSkpWa0VDbTZGV08tUHE5TWw5SVlLamQ5bGhPdmlsTnNiWVUiLCJyb2xlIjoiUk9MRV9VU0VSIiwidXNlcklkIjoxLCJpYXQiOjE3MTc1NzU4NTQsImV4cCI6MTcxNzY2MjI1NH0.DPROs-ngobSR0C1YTRsCSsbtYYF6qkPvRoctKNirPU0','Thu Jun 06 17:24:14 KST 2024',1,0);
Insert into REFRESH_TOCKEN (TOCKEN_ID,USERNAME,REFRESH,EXPIRATION,ID,ISVALID) values (6,'naver VOtFDr_KJJVkECm6FWO-Pq9Ml9IYKjd9lhOvilNsbYU','eyJhbGciOiJIUzI1NiJ9.eyJjYXRlZ29yeSI6InJlZnJlc2giLCJ1c2VybmFtZSI6Im5hdmVyIFZPdEZEcl9LSkpWa0VDbTZGV08tUHE5TWw5SVlLamQ5bGhPdmlsTnNiWVUiLCJyb2xlIjoiUk9MRV9VU0VSIiwidXNlcklkIjoxLCJpYXQiOjE3MTc1NzYwNTQsImV4cCI6MTcxNzY2MjQ1NH0.enIUU21Qx7eYScupE0-8qmGibiVMJQSqZyJBwPXr-EU','Thu Jun 06 17:27:34 KST 2024',1,0);
Insert into REFRESH_TOCKEN (TOCKEN_ID,USERNAME,REFRESH,EXPIRATION,ID,ISVALID) values (7,'naver VOtFDr_KJJVkECm6FWO-Pq9Ml9IYKjd9lhOvilNsbYU','eyJhbGciOiJIUzI1NiJ9.eyJjYXRlZ29yeSI6InJlZnJlc2giLCJ1c2VybmFtZSI6Im5hdmVyIFZPdEZEcl9LSkpWa0VDbTZGV08tUHE5TWw5SVlLamQ5bGhPdmlsTnNiWVUiLCJyb2xlIjoiUk9MRV9VU0VSIiwidXNlcklkIjoxLCJpYXQiOjE3MTc1NzY5MzIsImV4cCI6MTcxNzY2MzMzMn0.-lkcYUTsOaRnhiN3KUOSuepAEeyMb2i__xPuxmbg7GI','Thu Jun 06 17:42:12 KST 2024',1,0);
Insert into REFRESH_TOCKEN (TOCKEN_ID,USERNAME,REFRESH,EXPIRATION,ID,ISVALID) values (8,'naver VOtFDr_KJJVkECm6FWO-Pq9Ml9IYKjd9lhOvilNsbYU','eyJhbGciOiJIUzI1NiJ9.eyJjYXRlZ29yeSI6InJlZnJlc2giLCJ1c2VybmFtZSI6Im5hdmVyIFZPdEZEcl9LSkpWa0VDbTZGV08tUHE5TWw5SVlLamQ5bGhPdmlsTnNiWVUiLCJyb2xlIjoiUk9MRV9VU0VSIiwidXNlcklkIjoxLCJpYXQiOjE3MTc1NzczNDEsImV4cCI6MTcxNzY2Mzc0MX0.Lyk4EJmbxcIDGx9boLqmLCcWJDOnEyEZr36txUf8nEQ','Thu Jun 06 17:49:01 KST 2024',1,0);
Insert into REFRESH_TOCKEN (TOCKEN_ID,USERNAME,REFRESH,EXPIRATION,ID,ISVALID) values (11,'naver VOtFDr_KJJVkECm6FWO-Pq9Ml9IYKjd9lhOvilNsbYU','eyJhbGciOiJIUzI1NiJ9.eyJjYXRlZ29yeSI6InJlZnJlc2giLCJ1c2VybmFtZSI6Im5hdmVyIFZPdEZEcl9LSkpWa0VDbTZGV08tUHE5TWw5SVlLamQ5bGhPdmlsTnNiWVUiLCJyb2xlIjoiUk9MRV9VU0VSIiwidXNlcklkIjoxLCJpYXQiOjE3MTc1NzkzNTUsImV4cCI6MTcxNzY2NTc1NX0.YzDyqE3ctR_w6FIUqGNbhvK6ZsEir4XzNShVj6t5Jx0','Thu Jun 06 18:22:35 KST 2024',1,0);
Insert into REFRESH_TOCKEN (TOCKEN_ID,USERNAME,REFRESH,EXPIRATION,ID,ISVALID) values (12,'naver VOtFDr_KJJVkECm6FWO-Pq9Ml9IYKjd9lhOvilNsbYU','eyJhbGciOiJIUzI1NiJ9.eyJjYXRlZ29yeSI6InJlZnJlc2giLCJ1c2VybmFtZSI6Im5hdmVyIFZPdEZEcl9LSkpWa0VDbTZGV08tUHE5TWw5SVlLamQ5bGhPdmlsTnNiWVUiLCJyb2xlIjoiUk9MRV9VU0VSIiwidXNlcklkIjoxLCJpYXQiOjE3MTc1Nzk5MTcsImV4cCI6MTcxNzY2NjMxN30.kELIayCqYvPoZHgH5hlms1QKjGb4jnsi-Z2qAdcOZ34','Thu Jun 06 18:31:57 KST 2024',1,0);
Insert into REFRESH_TOCKEN (TOCKEN_ID,USERNAME,REFRESH,EXPIRATION,ID,ISVALID) values (13,'naver VOtFDr_KJJVkECm6FWO-Pq9Ml9IYKjd9lhOvilNsbYU','eyJhbGciOiJIUzI1NiJ9.eyJjYXRlZ29yeSI6InJlZnJlc2giLCJ1c2VybmFtZSI6Im5hdmVyIFZPdEZEcl9LSkpWa0VDbTZGV08tUHE5TWw5SVlLamQ5bGhPdmlsTnNiWVUiLCJyb2xlIjoiUk9MRV9VU0VSIiwidXNlcklkIjoxLCJpYXQiOjE3MTc1ODAxMTQsImV4cCI6MTcxNzY2NjUxNH0.7k-BNZ4X9vU2WZ_X5hFZ4CEbF1FWzecHyylkTRASJIs','Thu Jun 06 18:35:14 KST 2024',1,0);
Insert into REFRESH_TOCKEN (TOCKEN_ID,USERNAME,REFRESH,EXPIRATION,ID,ISVALID) values (14,'naver VOtFDr_KJJVkECm6FWO-Pq9Ml9IYKjd9lhOvilNsbYU','eyJhbGciOiJIUzI1NiJ9.eyJjYXRlZ29yeSI6InJlZnJlc2giLCJ1c2VybmFtZSI6Im5hdmVyIFZPdEZEcl9LSkpWa0VDbTZGV08tUHE5TWw5SVlLamQ5bGhPdmlsTnNiWVUiLCJyb2xlIjoiUk9MRV9VU0VSIiwidXNlcklkIjoxLCJpYXQiOjE3MTc1ODEyODMsImV4cCI6MTcxNzY2NzY4M30.FeYe0r-Jr5_5aAPMz4-E1A2dgqs8k9IdU6ey6UwZ6PY','Thu Jun 06 18:54:43 KST 2024',1,0);
Insert into REFRESH_TOCKEN (TOCKEN_ID,USERNAME,REFRESH,EXPIRATION,ID,ISVALID) values (15,'naver VOtFDr_KJJVkECm6FWO-Pq9Ml9IYKjd9lhOvilNsbYU','eyJhbGciOiJIUzI1NiJ9.eyJjYXRlZ29yeSI6InJlZnJlc2giLCJ1c2VybmFtZSI6Im5hdmVyIFZPdEZEcl9LSkpWa0VDbTZGV08tUHE5TWw5SVlLamQ5bGhPdmlsTnNiWVUiLCJyb2xlIjoiUk9MRV9VU0VSIiwidXNlcklkIjoxLCJpYXQiOjE3MTc1ODE2NjAsImV4cCI6MTcxNzY2ODA2MH0.-gglUgJcA_6ftDF9eSHbF6tGKztPOPyNdP_8I7VCBww','Thu Jun 06 19:01:00 KST 2024',1,0);
Insert into REFRESH_TOCKEN (TOCKEN_ID,USERNAME,REFRESH,EXPIRATION,ID,ISVALID) values (16,'google 107200546475888078787','eyJhbGciOiJIUzI1NiJ9.eyJjYXRlZ29yeSI6InJlZnJlc2giLCJ1c2VybmFtZSI6Imdvb2dsZSAxMDcyMDA1NDY0NzU4ODgwNzg3ODciLCJyb2xlIjoiUk9MRV9VU0VSIiwidXNlcklkIjoyLCJpYXQiOjE3MTc1ODIxMDAsImV4cCI6MTcxNzY2ODUwMH0.AzPvnCLDDZJSApm6hxTYN3oO0YSR86LTjTC2TPScyUA','Thu Jun 06 19:08:20 KST 2024',2,0);
Insert into REFRESH_TOCKEN (TOCKEN_ID,USERNAME,REFRESH,EXPIRATION,ID,ISVALID) values (17,'naver VOtFDr_KJJVkECm6FWO-Pq9Ml9IYKjd9lhOvilNsbYU','eyJhbGciOiJIUzI1NiJ9.eyJjYXRlZ29yeSI6InJlZnJlc2giLCJ1c2VybmFtZSI6Im5hdmVyIFZPdEZEcl9LSkpWa0VDbTZGV08tUHE5TWw5SVlLamQ5bGhPdmlsTnNiWVUiLCJyb2xlIjoiUk9MRV9VU0VSIiwidXNlcklkIjoxLCJpYXQiOjE3MTc1ODY4NTMsImV4cCI6MTcxNzY3MzI1M30.E0S4O3ikaXr1nLCqmTYvtFgxyJVt2hIeOyWFlctJA2g','Thu Jun 06 20:27:33 KST 2024',1,0);
Insert into REFRESH_TOCKEN (TOCKEN_ID,USERNAME,REFRESH,EXPIRATION,ID,ISVALID) values (18,'naver VOtFDr_KJJVkECm6FWO-Pq9Ml9IYKjd9lhOvilNsbYU','eyJhbGciOiJIUzI1NiJ9.eyJjYXRlZ29yeSI6InJlZnJlc2giLCJ1c2VybmFtZSI6Im5hdmVyIFZPdEZEcl9LSkpWa0VDbTZGV08tUHE5TWw5SVlLamQ5bGhPdmlsTnNiWVUiLCJyb2xlIjoiUk9MRV9VU0VSIiwidXNlcklkIjoxLCJpYXQiOjE3MTc1ODY4OTUsImV4cCI6MTcxNzY3MzI5NX0.nI1qjOQTNtDMneXox3O8zxj5NhqTBArH73u7cSXbQgc','Thu Jun 06 20:28:15 KST 2024',1,0);
Insert into REFRESH_TOCKEN (TOCKEN_ID,USERNAME,REFRESH,EXPIRATION,ID,ISVALID) values (57,'wodud6967@naver.com','eyJhbGciOiJIUzI1NiJ9.eyJjYXRlZ29yeSI6InJlZnJlc2giLCJ1c2VyRW1haWwiOiJ3b2R1ZDY5NjdAbmF2ZXIuY29tIiwicm9sZSI6IlJPTEVfVVNFUiIsInVzZXJJZCI6MSwibmFtZSI6IuqwleyerOyYgSIsImlhdCI6MTcxNzk5NjY2MCwiZXhwIjoxNzE4MDgzMDYwfQ.7oOnCnd6qC871Ea2Kd8uGiFssb-XWNTBoyzv7282YGU','Tue Jun 11 14:17:40 KST 2024',1,0);
Insert into REFRESH_TOCKEN (TOCKEN_ID,USERNAME,REFRESH,EXPIRATION,ID,ISVALID) values (58,'wodud6967@naver.com','eyJhbGciOiJIUzI1NiJ9.eyJjYXRlZ29yeSI6InJlZnJlc2giLCJ1c2VyRW1haWwiOiJ3b2R1ZDY5NjdAbmF2ZXIuY29tIiwicm9sZSI6IlJPTEVfVVNFUiIsInVzZXJJZCI6MSwibmFtZSI6IuqwleyerOyYgSIsImlhdCI6MTcxNzk5NzA3MywiZXhwIjoxNzE4MDgzNDczfQ.zN2NCa9BToqOVhKgjckPXE7fESHkyBjVmMScuiIYEs8','Tue Jun 11 14:24:33 KST 2024',1,0);
Insert into REFRESH_TOCKEN (TOCKEN_ID,USERNAME,REFRESH,EXPIRATION,ID,ISVALID) values (59,'wodud6967@naver.com','eyJhbGciOiJIUzI1NiJ9.eyJjYXRlZ29yeSI6InJlZnJlc2giLCJ1c2VyRW1haWwiOiJ3b2R1ZDY5NjdAbmF2ZXIuY29tIiwicm9sZSI6IlJPTEVfVVNFUiIsInVzZXJJZCI6MSwibmFtZSI6IuqwleyerOyYgSIsImlhdCI6MTcxNzk5NzMyMSwiZXhwIjoxNzE4MDgzNzIxfQ.6YRgGJq5tVWaoEPhSitv3lcPVWWmIwqdgFpXNbjiuIM','Tue Jun 11 14:28:41 KST 2024',1,0);
Insert into REFRESH_TOCKEN (TOCKEN_ID,USERNAME,REFRESH,EXPIRATION,ID,ISVALID) values (60,'wodud6967@naver.com','eyJhbGciOiJIUzI1NiJ9.eyJjYXRlZ29yeSI6InJlZnJlc2giLCJ1c2VyRW1haWwiOiJ3b2R1ZDY5NjdAbmF2ZXIuY29tIiwicm9sZSI6IlJPTEVfVVNFUiIsInVzZXJJZCI6MSwibmFtZSI6IuqwleyerOyYgSIsImlhdCI6MTcxODAwNDQwMiwiZXhwIjoxNzE4MDkwODAyfQ.db7-7B9RlOL6Is4lUo7teRzhAMoHcdwDVR8w5sWU8Ts','Tue Jun 11 16:26:42 KST 2024',1,0);
Insert into REFRESH_TOCKEN (TOCKEN_ID,USERNAME,REFRESH,EXPIRATION,ID,ISVALID) values (61,'wodud6967@naver.com','eyJhbGciOiJIUzI1NiJ9.eyJjYXRlZ29yeSI6InJlZnJlc2giLCJ1c2VyRW1haWwiOiJ3b2R1ZDY5NjdAbmF2ZXIuY29tIiwicm9sZSI6IlJPTEVfVVNFUiIsInVzZXJJZCI6MSwibmFtZSI6IuqwleyerOyYgSIsImlhdCI6MTcxODAwNDQzNSwiZXhwIjoxNzE4MDkwODM1fQ.7NfxJ1VkTnjqW76g614X5S1nLLnapx17Y1_DRHTDce8','Tue Jun 11 16:27:15 KST 2024',1,0);
Insert into REFRESH_TOCKEN (TOCKEN_ID,USERNAME,REFRESH,EXPIRATION,ID,ISVALID) values (19,'naver VOtFDr_KJJVkECm6FWO-Pq9Ml9IYKjd9lhOvilNsbYU','eyJhbGciOiJIUzI1NiJ9.eyJjYXRlZ29yeSI6InJlZnJlc2giLCJ1c2VybmFtZSI6Im5hdmVyIFZPdEZEcl9LSkpWa0VDbTZGV08tUHE5TWw5SVlLamQ5bGhPdmlsTnNiWVUiLCJyb2xlIjoiUk9MRV9VU0VSIiwidXNlcklkIjoxLCJpYXQiOjE3MTc3NDkyNDYsImV4cCI6MTcxNzgzNTY0Nn0.RPMaLBef04bCX5kkHnRIqsEsQtCZdR6OBckDk_CTHfY','Sat Jun 08 17:34:06 KST 2024',1,0);
Insert into REFRESH_TOCKEN (TOCKEN_ID,USERNAME,REFRESH,EXPIRATION,ID,ISVALID) values (20,'naver VOtFDr_KJJVkECm6FWO-Pq9Ml9IYKjd9lhOvilNsbYU','eyJhbGciOiJIUzI1NiJ9.eyJjYXRlZ29yeSI6InJlZnJlc2giLCJ1c2VybmFtZSI6Im5hdmVyIFZPdEZEcl9LSkpWa0VDbTZGV08tUHE5TWw5SVlLamQ5bGhPdmlsTnNiWVUiLCJyb2xlIjoiUk9MRV9VU0VSIiwidXNlcklkIjoxLCJpYXQiOjE3MTc3NDk2ODMsImV4cCI6MTcxNzgzNjA4M30.Ee1WF1XmoFsHTKLYVY_2NJPQFB7FWVZ2ZbcQs0wH8Cc','Sat Jun 08 17:41:23 KST 2024',1,0);
Insert into REFRESH_TOCKEN (TOCKEN_ID,USERNAME,REFRESH,EXPIRATION,ID,ISVALID) values (21,'naver VOtFDr_KJJVkECm6FWO-Pq9Ml9IYKjd9lhOvilNsbYU','eyJhbGciOiJIUzI1NiJ9.eyJjYXRlZ29yeSI6InJlZnJlc2giLCJ1c2VybmFtZSI6Im5hdmVyIFZPdEZEcl9LSkpWa0VDbTZGV08tUHE5TWw5SVlLamQ5bGhPdmlsTnNiWVUiLCJyb2xlIjoiUk9MRV9VU0VSIiwidXNlcklkIjoxLCJpYXQiOjE3MTc3NDk3MjAsImV4cCI6MTcxNzgzNjEyMH0.TOZ-ni0ck6t0iEncNSg1E6-QpozqMgFsODoXBQvUBKs','Sat Jun 08 17:42:00 KST 2024',1,0);
Insert into REFRESH_TOCKEN (TOCKEN_ID,USERNAME,REFRESH,EXPIRATION,ID,ISVALID) values (22,'naver VOtFDr_KJJVkECm6FWO-Pq9Ml9IYKjd9lhOvilNsbYU','eyJhbGciOiJIUzI1NiJ9.eyJjYXRlZ29yeSI6InJlZnJlc2giLCJ1c2VybmFtZSI6Im5hdmVyIFZPdEZEcl9LSkpWa0VDbTZGV08tUHE5TWw5SVlLamQ5bGhPdmlsTnNiWVUiLCJyb2xlIjoiUk9MRV9VU0VSIiwidXNlcklkIjoxLCJpYXQiOjE3MTc3NDk4NzEsImV4cCI6MTcxNzgzNjI3MX0.oZDdO_1HvRNhBJXXCNt1rObZrfu_FW2IP8kOvJ7Iv0w','Sat Jun 08 17:44:31 KST 2024',1,0);
Insert into REFRESH_TOCKEN (TOCKEN_ID,USERNAME,REFRESH,EXPIRATION,ID,ISVALID) values (23,'naver VOtFDr_KJJVkECm6FWO-Pq9Ml9IYKjd9lhOvilNsbYU','eyJhbGciOiJIUzI1NiJ9.eyJjYXRlZ29yeSI6InJlZnJlc2giLCJ1c2VybmFtZSI6Im5hdmVyIFZPdEZEcl9LSkpWa0VDbTZGV08tUHE5TWw5SVlLamQ5bGhPdmlsTnNiWVUiLCJyb2xlIjoiUk9MRV9VU0VSIiwidXNlcklkIjoxLCJpYXQiOjE3MTc3NDk5MjMsImV4cCI6MTcxNzgzNjMyM30.ma9BRYsSzwjzdoSuD7rohgsQaF-y9r_IkT1SsHh_O9k','Sat Jun 08 17:45:23 KST 2024',1,0);
Insert into REFRESH_TOCKEN (TOCKEN_ID,USERNAME,REFRESH,EXPIRATION,ID,ISVALID) values (24,'naver VOtFDr_KJJVkECm6FWO-Pq9Ml9IYKjd9lhOvilNsbYU','eyJhbGciOiJIUzI1NiJ9.eyJjYXRlZ29yeSI6InJlZnJlc2giLCJ1c2VybmFtZSI6Im5hdmVyIFZPdEZEcl9LSkpWa0VDbTZGV08tUHE5TWw5SVlLamQ5bGhPdmlsTnNiWVUiLCJyb2xlIjoiUk9MRV9VU0VSIiwidXNlcklkIjoxLCJpYXQiOjE3MTc3NTAwMTUsImV4cCI6MTcxNzgzNjQxNX0.T5xorpM3bQLdVXSaZ1JatzXITdERQJmQWpX5qIfkjZY','Sat Jun 08 17:46:55 KST 2024',1,0);
Insert into REFRESH_TOCKEN (TOCKEN_ID,USERNAME,REFRESH,EXPIRATION,ID,ISVALID) values (25,'naver VOtFDr_KJJVkECm6FWO-Pq9Ml9IYKjd9lhOvilNsbYU','eyJhbGciOiJIUzI1NiJ9.eyJjYXRlZ29yeSI6InJlZnJlc2giLCJ1c2VybmFtZSI6Im5hdmVyIFZPdEZEcl9LSkpWa0VDbTZGV08tUHE5TWw5SVlLamQ5bGhPdmlsTnNiWVUiLCJyb2xlIjoiUk9MRV9VU0VSIiwidXNlcklkIjoxLCJpYXQiOjE3MTc3NTAwMzUsImV4cCI6MTcxNzgzNjQzNX0.bSsyQ_JmGUdVqr3WWHFAYD6RK9fcguoznRMZaXjO_Ms','Sat Jun 08 17:47:15 KST 2024',1,0);
Insert into REFRESH_TOCKEN (TOCKEN_ID,USERNAME,REFRESH,EXPIRATION,ID,ISVALID) values (26,'naver VOtFDr_KJJVkECm6FWO-Pq9Ml9IYKjd9lhOvilNsbYU','eyJhbGciOiJIUzI1NiJ9.eyJjYXRlZ29yeSI6InJlZnJlc2giLCJ1c2VybmFtZSI6Im5hdmVyIFZPdEZEcl9LSkpWa0VDbTZGV08tUHE5TWw5SVlLamQ5bGhPdmlsTnNiWVUiLCJyb2xlIjoiUk9MRV9VU0VSIiwidXNlcklkIjoxLCJpYXQiOjE3MTc3NTAwNzUsImV4cCI6MTcxNzgzNjQ3NX0.YcVA_B_2cv3_lnubevCXmsG7Oovy8tsF8Fp7GcOGfD4','Sat Jun 08 17:47:55 KST 2024',1,0);
Insert into REFRESH_TOCKEN (TOCKEN_ID,USERNAME,REFRESH,EXPIRATION,ID,ISVALID) values (27,'naver VOtFDr_KJJVkECm6FWO-Pq9Ml9IYKjd9lhOvilNsbYU','eyJhbGciOiJIUzI1NiJ9.eyJjYXRlZ29yeSI6InJlZnJlc2giLCJ1c2VybmFtZSI6Im5hdmVyIFZPdEZEcl9LSkpWa0VDbTZGV08tUHE5TWw5SVlLamQ5bGhPdmlsTnNiWVUiLCJyb2xlIjoiUk9MRV9VU0VSIiwidXNlcklkIjoxLCJpYXQiOjE3MTc3NTAzMjEsImV4cCI6MTcxNzgzNjcyMX0._yzJpougcKN028cLTjSIfwPsD2oL4zCvb96enmk2kgQ','Sat Jun 08 17:52:01 KST 2024',1,0);
Insert into REFRESH_TOCKEN (TOCKEN_ID,USERNAME,REFRESH,EXPIRATION,ID,ISVALID) values (28,'naver VOtFDr_KJJVkECm6FWO-Pq9Ml9IYKjd9lhOvilNsbYU','eyJhbGciOiJIUzI1NiJ9.eyJjYXRlZ29yeSI6InJlZnJlc2giLCJ1c2VybmFtZSI6Im5hdmVyIFZPdEZEcl9LSkpWa0VDbTZGV08tUHE5TWw5SVlLamQ5bGhPdmlsTnNiWVUiLCJyb2xlIjoiUk9MRV9VU0VSIiwidXNlcklkIjoxLCJpYXQiOjE3MTc3NTA5NDYsImV4cCI6MTcxNzgzNzM0Nn0.qTjJNNocFkx2tmRt-4Gn524ssJujW_lrifdNb3eA_Y4','Sat Jun 08 18:02:26 KST 2024',1,0);
Insert into REFRESH_TOCKEN (TOCKEN_ID,USERNAME,REFRESH,EXPIRATION,ID,ISVALID) values (29,'naver VOtFDr_KJJVkECm6FWO-Pq9Ml9IYKjd9lhOvilNsbYU','eyJhbGciOiJIUzI1NiJ9.eyJjYXRlZ29yeSI6InJlZnJlc2giLCJ1c2VybmFtZSI6Im5hdmVyIFZPdEZEcl9LSkpWa0VDbTZGV08tUHE5TWw5SVlLamQ5bGhPdmlsTnNiWVUiLCJyb2xlIjoiUk9MRV9VU0VSIiwidXNlcklkIjoxLCJpYXQiOjE3MTc3NTE4MjYsImV4cCI6MTcxNzgzODIyNn0.9DfgFcrggubq8l1RIeB83lpWqLgr6ORq9nLnuOWE5Sg','Sat Jun 08 18:17:06 KST 2024',1,0);
Insert into REFRESH_TOCKEN (TOCKEN_ID,USERNAME,REFRESH,EXPIRATION,ID,ISVALID) values (30,'naver VOtFDr_KJJVkECm6FWO-Pq9Ml9IYKjd9lhOvilNsbYU','eyJhbGciOiJIUzI1NiJ9.eyJjYXRlZ29yeSI6InJlZnJlc2giLCJ1c2VybmFtZSI6Im5hdmVyIFZPdEZEcl9LSkpWa0VDbTZGV08tUHE5TWw5SVlLamQ5bGhPdmlsTnNiWVUiLCJyb2xlIjoiUk9MRV9VU0VSIiwidXNlcklkIjoxLCJpYXQiOjE3MTc3NTE5MTcsImV4cCI6MTcxNzgzODMxN30.GnzSClJPjl-7amQKiz8cEedOqxY9oaJEYEJJHDowscA','Sat Jun 08 18:18:37 KST 2024',1,0);
Insert into REFRESH_TOCKEN (TOCKEN_ID,USERNAME,REFRESH,EXPIRATION,ID,ISVALID) values (31,'naver VOtFDr_KJJVkECm6FWO-Pq9Ml9IYKjd9lhOvilNsbYU','eyJhbGciOiJIUzI1NiJ9.eyJjYXRlZ29yeSI6InJlZnJlc2giLCJ1c2VybmFtZSI6Im5hdmVyIFZPdEZEcl9LSkpWa0VDbTZGV08tUHE5TWw5SVlLamQ5bGhPdmlsTnNiWVUiLCJyb2xlIjoiUk9MRV9VU0VSIiwidXNlcklkIjoxLCJpYXQiOjE3MTc3NTI1MTIsImV4cCI6MTcxNzgzODkxMn0.-qAyd3cCCZQ158aFwnyDe7mUNkLUr8HhpsRh0dxzi4s','Sat Jun 08 18:28:32 KST 2024',1,0);
Insert into REFRESH_TOCKEN (TOCKEN_ID,USERNAME,REFRESH,EXPIRATION,ID,ISVALID) values (32,'naver VOtFDr_KJJVkECm6FWO-Pq9Ml9IYKjd9lhOvilNsbYU','eyJhbGciOiJIUzI1NiJ9.eyJjYXRlZ29yeSI6InJlZnJlc2giLCJ1c2VybmFtZSI6Im5hdmVyIFZPdEZEcl9LSkpWa0VDbTZGV08tUHE5TWw5SVlLamQ5bGhPdmlsTnNiWVUiLCJyb2xlIjoiUk9MRV9VU0VSIiwidXNlcklkIjoxLCJpYXQiOjE3MTc3NTI2OTQsImV4cCI6MTcxNzgzOTA5NH0.HxSyQ_BnARITaHnrCuFJE55MfFKZB2nu2HfpH7klMJE','Sat Jun 08 18:31:34 KST 2024',1,0);
Insert into REFRESH_TOCKEN (TOCKEN_ID,USERNAME,REFRESH,EXPIRATION,ID,ISVALID) values (33,'naver VOtFDr_KJJVkECm6FWO-Pq9Ml9IYKjd9lhOvilNsbYU','eyJhbGciOiJIUzI1NiJ9.eyJjYXRlZ29yeSI6InJlZnJlc2giLCJ1c2VybmFtZSI6Im5hdmVyIFZPdEZEcl9LSkpWa0VDbTZGV08tUHE5TWw5SVlLamQ5bGhPdmlsTnNiWVUiLCJyb2xlIjoiUk9MRV9VU0VSIiwidXNlcklkIjoxLCJpYXQiOjE3MTc3NTI5MjAsImV4cCI6MTcxNzgzOTMyMH0.C_bI_3d-xW0Oryz5EbbOs_wSurGl1o4n9e4yTBkT7tE','Sat Jun 08 18:35:20 KST 2024',1,0);
Insert into REFRESH_TOCKEN (TOCKEN_ID,USERNAME,REFRESH,EXPIRATION,ID,ISVALID) values (34,'naver VOtFDr_KJJVkECm6FWO-Pq9Ml9IYKjd9lhOvilNsbYU','eyJhbGciOiJIUzI1NiJ9.eyJjYXRlZ29yeSI6InJlZnJlc2giLCJ1c2VybmFtZSI6Im5hdmVyIFZPdEZEcl9LSkpWa0VDbTZGV08tUHE5TWw5SVlLamQ5bGhPdmlsTnNiWVUiLCJyb2xlIjoiUk9MRV9VU0VSIiwidXNlcklkIjoxLCJpYXQiOjE3MTc3NTMwMDAsImV4cCI6MTcxNzgzOTQwMH0.GIESeUei4Psir4wVBgEbP7S4Pp0faNiPBBaqtXj67pA','Sat Jun 08 18:36:40 KST 2024',1,0);
Insert into REFRESH_TOCKEN (TOCKEN_ID,USERNAME,REFRESH,EXPIRATION,ID,ISVALID) values (35,'naver VOtFDr_KJJVkECm6FWO-Pq9Ml9IYKjd9lhOvilNsbYU','eyJhbGciOiJIUzI1NiJ9.eyJjYXRlZ29yeSI6InJlZnJlc2giLCJ1c2VybmFtZSI6Im5hdmVyIFZPdEZEcl9LSkpWa0VDbTZGV08tUHE5TWw5SVlLamQ5bGhPdmlsTnNiWVUiLCJyb2xlIjoiUk9MRV9VU0VSIiwidXNlcklkIjoxLCJpYXQiOjE3MTc3NTMzMDEsImV4cCI6MTcxNzgzOTcwMX0.OwO3yasuF5vpSBRy8qPzQYrK3mDctaAiA-WZW4dTC9I','Sat Jun 08 18:41:41 KST 2024',1,0);
Insert into REFRESH_TOCKEN (TOCKEN_ID,USERNAME,REFRESH,EXPIRATION,ID,ISVALID) values (36,'naver VOtFDr_KJJVkECm6FWO-Pq9Ml9IYKjd9lhOvilNsbYU','eyJhbGciOiJIUzI1NiJ9.eyJjYXRlZ29yeSI6InJlZnJlc2giLCJ1c2VybmFtZSI6Im5hdmVyIFZPdEZEcl9LSkpWa0VDbTZGV08tUHE5TWw5SVlLamQ5bGhPdmlsTnNiWVUiLCJyb2xlIjoiUk9MRV9VU0VSIiwidXNlcklkIjoxLCJpYXQiOjE3MTc3NTM0MDYsImV4cCI6MTcxNzgzOTgwNn0.2O933r1TvRCeSacIpqOfG-Nsu2ysh08ml5OAWrt7O1I','Sat Jun 08 18:43:26 KST 2024',1,0);
Insert into REFRESH_TOCKEN (TOCKEN_ID,USERNAME,REFRESH,EXPIRATION,ID,ISVALID) values (37,'naver VOtFDr_KJJVkECm6FWO-Pq9Ml9IYKjd9lhOvilNsbYU','eyJhbGciOiJIUzI1NiJ9.eyJjYXRlZ29yeSI6InJlZnJlc2giLCJ1c2VybmFtZSI6Im5hdmVyIFZPdEZEcl9LSkpWa0VDbTZGV08tUHE5TWw5SVlLamQ5bGhPdmlsTnNiWVUiLCJyb2xlIjoiUk9MRV9VU0VSIiwidXNlcklkIjoxLCJpYXQiOjE3MTc3NTM0NjQsImV4cCI6MTcxNzgzOTg2NH0.GPd7RXOjWimqlKxopbatIArRoqlZ4GEC1CEgVH4KE64','Sat Jun 08 18:44:24 KST 2024',1,0);
Insert into REFRESH_TOCKEN (TOCKEN_ID,USERNAME,REFRESH,EXPIRATION,ID,ISVALID) values (38,'naver VOtFDr_KJJVkECm6FWO-Pq9Ml9IYKjd9lhOvilNsbYU','eyJhbGciOiJIUzI1NiJ9.eyJjYXRlZ29yeSI6InJlZnJlc2giLCJ1c2VybmFtZSI6Im5hdmVyIFZPdEZEcl9LSkpWa0VDbTZGV08tUHE5TWw5SVlLamQ5bGhPdmlsTnNiWVUiLCJyb2xlIjoiUk9MRV9VU0VSIiwidXNlcklkIjoxLCJpYXQiOjE3MTc3NTM1NTgsImV4cCI6MTcxNzgzOTk1OH0._cxmp8HAdL94IDZfCC7BNCiC4Owc6tjvR3ic1iFOXgA','Sat Jun 08 18:45:58 KST 2024',1,0);
Insert into REFRESH_TOCKEN (TOCKEN_ID,USERNAME,REFRESH,EXPIRATION,ID,ISVALID) values (9,'naver VOtFDr_KJJVkECm6FWO-Pq9Ml9IYKjd9lhOvilNsbYU','eyJhbGciOiJIUzI1NiJ9.eyJjYXRlZ29yeSI6InJlZnJlc2giLCJ1c2VybmFtZSI6Im5hdmVyIFZPdEZEcl9LSkpWa0VDbTZGV08tUHE5TWw5SVlLamQ5bGhPdmlsTnNiWVUiLCJyb2xlIjoiUk9MRV9VU0VSIiwidXNlcklkIjoxLCJpYXQiOjE3MTc1Nzc3NDAsImV4cCI6MTcxNzY2NDE0MH0.29Afjo9-bcYOLe-l4J_cRva2LhjlBBjLnUO324_ggRQ','Thu Jun 06 17:55:40 KST 2024',1,0);
Insert into REFRESH_TOCKEN (TOCKEN_ID,USERNAME,REFRESH,EXPIRATION,ID,ISVALID) values (10,'naver VOtFDr_KJJVkECm6FWO-Pq9Ml9IYKjd9lhOvilNsbYU','eyJhbGciOiJIUzI1NiJ9.eyJjYXRlZ29yeSI6InJlZnJlc2giLCJ1c2VybmFtZSI6Im5hdmVyIFZPdEZEcl9LSkpWa0VDbTZGV08tUHE5TWw5SVlLamQ5bGhPdmlsTnNiWVUiLCJyb2xlIjoiUk9MRV9VU0VSIiwidXNlcklkIjoxLCJpYXQiOjE3MTc1Nzg3NzMsImV4cCI6MTcxNzY2NTE3M30.g72abzPsUthqxxquYVd3zBgpulK_KfEsG77oywDoOlk','Thu Jun 06 18:12:53 KST 2024',1,0);
Insert into REFRESH_TOCKEN (TOCKEN_ID,USERNAME,REFRESH,EXPIRATION,ID,ISVALID) values (39,'wodud3365@nate.com','eyJhbGciOiJIUzI1NiJ9.eyJjYXRlZ29yeSI6InJlZnJlc2giLCJ1c2VybmFtZSI6IndvZHVkMzM2NUBuYXRlLmNvbSIsInJvbGUiOiJST0xFX1VTRVIiLCJ1c2VySWQiOjMsImlhdCI6MTcxNzc1NDI2NCwiZXhwIjoxNzE3ODQwNjY0fQ._Bl6BQbkDQSPUWtGM9d0iMjBADvZ1OakM0rRX3Rb93s','Sat Jun 08 18:57:44 KST 2024',3,0);
Insert into REFRESH_TOCKEN (TOCKEN_ID,USERNAME,REFRESH,EXPIRATION,ID,ISVALID) values (40,'wodud3365@nate.com','eyJhbGciOiJIUzI1NiJ9.eyJjYXRlZ29yeSI6InJlZnJlc2giLCJ1c2VybmFtZSI6IndvZHVkMzM2NUBuYXRlLmNvbSIsInJvbGUiOiJST0xFX1VTRVIiLCJ1c2VySWQiOjMsImlhdCI6MTcxNzc1NDU5MCwiZXhwIjoxNzE3ODQwOTkwfQ.OM_3wL_OQbYxmqlp6lmlb9PNBxHbICrJzpXbJv0jZ8g','Sat Jun 08 19:03:10 KST 2024',3,0);
Insert into REFRESH_TOCKEN (TOCKEN_ID,USERNAME,REFRESH,EXPIRATION,ID,ISVALID) values (41,'wodud3365@nate.com','eyJhbGciOiJIUzI1NiJ9.eyJjYXRlZ29yeSI6InJlZnJlc2giLCJ1c2VybmFtZSI6IndvZHVkMzM2NUBuYXRlLmNvbSIsInJvbGUiOiJST0xFX1VTRVIiLCJ1c2VySWQiOjMsImlhdCI6MTcxNzc1NDY2OSwiZXhwIjoxNzE3ODQxMDY5fQ.FBaxuzUsYc0x2teJFAbI0JaPeDXeCkVOYRQGkxc7Okw','Sat Jun 08 19:04:29 KST 2024',3,0);
Insert into REFRESH_TOCKEN (TOCKEN_ID,USERNAME,REFRESH,EXPIRATION,ID,ISVALID) values (42,'naver VOtFDr_KJJVkECm6FWO-Pq9Ml9IYKjd9lhOvilNsbYU','eyJhbGciOiJIUzI1NiJ9.eyJjYXRlZ29yeSI6InJlZnJlc2giLCJ1c2VybmFtZSI6Im5hdmVyIFZPdEZEcl9LSkpWa0VDbTZGV08tUHE5TWw5SVlLamQ5bGhPdmlsTnNiWVUiLCJyb2xlIjoiUk9MRV9VU0VSIiwidXNlcklkIjoxLCJpYXQiOjE3MTc3NTQ3MTAsImV4cCI6MTcxNzg0MTExMH0.TVFWoUUEZQ4-n5PZHODQVP-ae9ZdaRUwTdA_BWjziys','Sat Jun 08 19:05:10 KST 2024',1,0);
Insert into REFRESH_TOCKEN (TOCKEN_ID,USERNAME,REFRESH,EXPIRATION,ID,ISVALID) values (44,'wodud3365@nate.com','eyJhbGciOiJIUzI1NiJ9.eyJjYXRlZ29yeSI6InJlZnJlc2giLCJ1c2VybmFtZSI6IndvZHVkMzM2NUBuYXRlLmNvbSIsInJvbGUiOiJST0xFX1VTRVIiLCJ1c2VySWQiOjMsImlhdCI6MTcxNzc1NzEzNywiZXhwIjoxNzE3ODQzNTM3fQ.SZLUDjO-6k3O5e4A01di7lvB2hWYKBFdRomjWvlNyGo','Sat Jun 08 19:45:37 KST 2024',3,0);
Insert into REFRESH_TOCKEN (TOCKEN_ID,USERNAME,REFRESH,EXPIRATION,ID,ISVALID) values (45,'wodud3365@nate.com','eyJhbGciOiJIUzI1NiJ9.eyJjYXRlZ29yeSI6InJlZnJlc2giLCJ1c2VybmFtZSI6IndvZHVkMzM2NUBuYXRlLmNvbSIsInJvbGUiOiJST0xFX1VTRVIiLCJ1c2VySWQiOjMsImlhdCI6MTcxNzc1NzM5NSwiZXhwIjoxNzE3ODQzNzk1fQ.hXBll1TFPPnoI9pkP-v824vPg3mFAMJJHMaYPo2ybbQ','Sat Jun 08 19:49:55 KST 2024',3,0);
Insert into REFRESH_TOCKEN (TOCKEN_ID,USERNAME,REFRESH,EXPIRATION,ID,ISVALID) values (46,'wodud3365@nate.com','eyJhbGciOiJIUzI1NiJ9.eyJjYXRlZ29yeSI6InJlZnJlc2giLCJ1c2VybmFtZSI6IndvZHVkMzM2NUBuYXRlLmNvbSIsInJvbGUiOiJST0xFX1VTRVIiLCJ1c2VySWQiOjMsImlhdCI6MTcxNzc1NzU0NCwiZXhwIjoxNzE3ODQzOTQ0fQ.g6ajfl4piX-1bM5tJ2-s9HfB0NG3Lc0RIA79opmEIfc','Sat Jun 08 19:52:24 KST 2024',3,0);
Insert into REFRESH_TOCKEN (TOCKEN_ID,USERNAME,REFRESH,EXPIRATION,ID,ISVALID) values (47,'naver VOtFDr_KJJVkECm6FWO-Pq9Ml9IYKjd9lhOvilNsbYU','eyJhbGciOiJIUzI1NiJ9.eyJjYXRlZ29yeSI6InJlZnJlc2giLCJ1c2VybmFtZSI6Im5hdmVyIFZPdEZEcl9LSkpWa0VDbTZGV08tUHE5TWw5SVlLamQ5bGhPdmlsTnNiWVUiLCJyb2xlIjoiUk9MRV9VU0VSIiwidXNlcklkIjoxLCJpYXQiOjE3MTc3NTc3NTUsImV4cCI6MTcxNzg0NDE1NX0.A9oQUq-NXRTVRgVIDsFezWBX2Y__BpmURyCz3abC-l0','Sat Jun 08 19:55:55 KST 2024',1,0);
Insert into REFRESH_TOCKEN (TOCKEN_ID,USERNAME,REFRESH,EXPIRATION,ID,ISVALID) values (48,'wodud3365@nate.com','eyJhbGciOiJIUzI1NiJ9.eyJjYXRlZ29yeSI6InJlZnJlc2giLCJ1c2VybmFtZSI6IndvZHVkMzM2NUBuYXRlLmNvbSIsInJvbGUiOiJST0xFX1VTRVIiLCJ1c2VySWQiOjMsImlhdCI6MTcxNzc1Nzg2MCwiZXhwIjoxNzE3ODQ0MjYwfQ.niyXICf8omnPy8NZROmT5LiR5XEXB5Bc6Qg_GmGEGsc','Sat Jun 08 19:57:40 KST 2024',3,0);
Insert into REFRESH_TOCKEN (TOCKEN_ID,USERNAME,REFRESH,EXPIRATION,ID,ISVALID) values (49,'wodud3365@nate.com','eyJhbGciOiJIUzI1NiJ9.eyJjYXRlZ29yeSI6InJlZnJlc2giLCJ1c2VybmFtZSI6IndvZHVkMzM2NUBuYXRlLmNvbSIsInJvbGUiOiJST0xFX1VTRVIiLCJ1c2VySWQiOjMsImlhdCI6MTcxNzc1Nzk5NCwiZXhwIjoxNzE3ODQ0Mzk0fQ.OSUGG45fllN-nEZl56XUWKOIwNKtCGom-92oLFNhZ_4','Sat Jun 08 19:59:54 KST 2024',3,0);
Insert into REFRESH_TOCKEN (TOCKEN_ID,USERNAME,REFRESH,EXPIRATION,ID,ISVALID) values (50,'wodud3365@nate.com','eyJhbGciOiJIUzI1NiJ9.eyJjYXRlZ29yeSI6InJlZnJlc2giLCJ1c2VybmFtZSI6IndvZHVkMzM2NUBuYXRlLmNvbSIsInJvbGUiOiJST0xFX1VTRVIiLCJ1c2VySWQiOjMsImlhdCI6MTcxNzc1ODA3NiwiZXhwIjoxNzE3ODQ0NDc2fQ.pi41yinPIH9lI2h9Q52WtF5gO6oo6t7E7_b7ovrGS4c','Sat Jun 08 20:01:16 KST 2024',3,0);
Insert into REFRESH_TOCKEN (TOCKEN_ID,USERNAME,REFRESH,EXPIRATION,ID,ISVALID) values (51,'naver VOtFDr_KJJVkECm6FWO-Pq9Ml9IYKjd9lhOvilNsbYU','eyJhbGciOiJIUzI1NiJ9.eyJjYXRlZ29yeSI6InJlZnJlc2giLCJ1c2VybmFtZSI6Im5hdmVyIFZPdEZEcl9LSkpWa0VDbTZGV08tUHE5TWw5SVlLamQ5bGhPdmlsTnNiWVUiLCJyb2xlIjoiUk9MRV9VU0VSIiwidXNlcklkIjoxLCJpYXQiOjE3MTc3NjAyOTYsImV4cCI6MTcxNzg0NjY5Nn0.87qlzG_gMMdlyGQAZCR2W5ss5iavDKTkxJoi_rNBbZc','Sat Jun 08 20:38:16 KST 2024',1,0);
Insert into REFRESH_TOCKEN (TOCKEN_ID,USERNAME,REFRESH,EXPIRATION,ID,ISVALID) values (52,'wodud3365@nate.com','eyJhbGciOiJIUzI1NiJ9.eyJjYXRlZ29yeSI6InJlZnJlc2giLCJ1c2VybmFtZSI6IndvZHVkMzM2NUBuYXRlLmNvbSIsInJvbGUiOiJST0xFX1VTRVIiLCJ1c2VySWQiOjMsImlhdCI6MTcxNzc2MDMwNywiZXhwIjoxNzE3ODQ2NzA3fQ.MOqvvIdcuQNN6cFe8SE88yoe2E0FuttVRqg1cIMuJOw','Sat Jun 08 20:38:27 KST 2024',3,0);
Insert into REFRESH_TOCKEN (TOCKEN_ID,USERNAME,REFRESH,EXPIRATION,ID,ISVALID) values (53,'wodud3365@nate.com','eyJhbGciOiJIUzI1NiJ9.eyJjYXRlZ29yeSI6InJlZnJlc2giLCJ1c2VybmFtZSI6IndvZHVkMzM2NUBuYXRlLmNvbSIsInJvbGUiOiJST0xFX1VTRVIiLCJ1c2VySWQiOjMsImlhdCI6MTcxNzc2MDM3MywiZXhwIjoxNzE3ODQ2NzczfQ.6KOkiGvEJGYax3CMiNBkzAMA1gr08XFWndjqctQpgAw','Sat Jun 08 20:39:33 KST 2024',3,0);
Insert into REFRESH_TOCKEN (TOCKEN_ID,USERNAME,REFRESH,EXPIRATION,ID,ISVALID) values (55,'wodud6967@naver.com','eyJhbGciOiJIUzI1NiJ9.eyJjYXRlZ29yeSI6InJlZnJlc2giLCJ1c2VyRW1haWwiOiJ3b2R1ZDY5NjdAbmF2ZXIuY29tIiwicm9sZSI6IlJPTEVfVVNFUiIsInVzZXJJZCI6MSwibmFtZSI6IuqwleyerOyYgSIsImlhdCI6MTcxNzk5NDgyNCwiZXhwIjoxNzE4MDgxMjI0fQ.Kicr9XP7ZOgCmDckHUEkApNPepwDhFrQ1UtRYohVuJ4','Tue Jun 11 13:47:04 KST 2024',1,0);
Insert into REFRESH_TOCKEN (TOCKEN_ID,USERNAME,REFRESH,EXPIRATION,ID,ISVALID) values (56,'wodud6967@naver.com','eyJhbGciOiJIUzI1NiJ9.eyJjYXRlZ29yeSI6InJlZnJlc2giLCJ1c2VyRW1haWwiOiJ3b2R1ZDY5NjdAbmF2ZXIuY29tIiwicm9sZSI6IlJPTEVfVVNFUiIsInVzZXJJZCI6MSwibmFtZSI6IuqwleyerOyYgSIsImlhdCI6MTcxNzk5NjQwMSwiZXhwIjoxNzE4MDgyODAxfQ.l8XAoWB-cu-KBcb8gEJYH1z1-qZ9qS8xDzxurrIjbVM','Tue Jun 11 14:13:21 KST 2024',1,0);
Insert into REFRESH_TOCKEN (TOCKEN_ID,USERNAME,REFRESH,EXPIRATION,ID,ISVALID) values (62,'wodud3365@naver.com','eyJhbGciOiJIUzI1NiJ9.eyJjYXRlZ29yeSI6InJlZnJlc2giLCJ1c2VyRW1haWwiOiJ3b2R1ZDMzNjVAbmF2ZXIuY29tIiwicm9sZSI6IlJPTEVfVVNFUiIsInVzZXJJZCI6NCwibmFtZSI6IuqwleyerOyYgSIsImlhdCI6MTcxODAwNTMzMCwiZXhwIjoxNzE4MDkxNzMwfQ.wKVqID_2QCvuRpSUZExtAyress_hYV-g5VKTURNzcwQ','Tue Jun 11 16:42:10 KST 2024',4,0);
Insert into REFRESH_TOCKEN (TOCKEN_ID,USERNAME,REFRESH,EXPIRATION,ID,ISVALID) values (63,'wodud6967@naver.com','eyJhbGciOiJIUzI1NiJ9.eyJjYXRlZ29yeSI6InJlZnJlc2giLCJ1c2VyRW1haWwiOiJ3b2R1ZDY5NjdAbmF2ZXIuY29tIiwicm9sZSI6IlJPTEVfVVNFUiIsInVzZXJJZCI6MSwibmFtZSI6IuqwleyerOyYgSIsImlhdCI6MTcxODAwNjYyOSwiZXhwIjoxNzE4MDkzMDI5fQ.GuV3-1uCfaWpm81xKFurYYBbyZs2nKwEafXfp-bOfnM','Tue Jun 11 17:03:49 KST 2024',1,0);
Insert into REFRESH_TOCKEN (TOCKEN_ID,USERNAME,REFRESH,EXPIRATION,ID,ISVALID) values (64,'wodud6967@naver.com','eyJhbGciOiJIUzI1NiJ9.eyJjYXRlZ29yeSI6InJlZnJlc2giLCJ1c2VyRW1haWwiOiJ3b2R1ZDY5NjdAbmF2ZXIuY29tIiwicm9sZSI6IlJPTEVfVVNFUiIsInVzZXJJZCI6MSwibmFtZSI6IuqwleyerOyYgSIsImlhdCI6MTcxODAwNjY1MSwiZXhwIjoxNzE4MDkzMDUxfQ.VxnhD84MPaboSg0lPyNu34PudEpCZcmfpLRtt1XZJi4','Tue Jun 11 17:04:11 KST 2024',1,0);
Insert into REFRESH_TOCKEN (TOCKEN_ID,USERNAME,REFRESH,EXPIRATION,ID,ISVALID) values (65,'wodud6967@naver.com','eyJhbGciOiJIUzI1NiJ9.eyJjYXRlZ29yeSI6InJlZnJlc2giLCJ1c2VyRW1haWwiOiJ3b2R1ZDY5NjdAbmF2ZXIuY29tIiwicm9sZSI6IlJPTEVfVVNFUiIsInVzZXJJZCI6MSwibmFtZSI6IuqwleyerOyYgSIsImlhdCI6MTcxODAwNjY4MCwiZXhwIjoxNzE4MDkzMDgwfQ.Mp7SWOo3UjYahq2Mn0H-WEJKdgvjK0ZwayHYImq8oLs','Tue Jun 11 17:04:40 KST 2024',1,0);
Insert into REFRESH_TOCKEN (TOCKEN_ID,USERNAME,REFRESH,EXPIRATION,ID,ISVALID) values (66,'wodud6967@naver.com','eyJhbGciOiJIUzI1NiJ9.eyJjYXRlZ29yeSI6InJlZnJlc2giLCJ1c2VyRW1haWwiOiJ3b2R1ZDY5NjdAbmF2ZXIuY29tIiwicm9sZSI6IlJPTEVfVVNFUiIsInVzZXJJZCI6MSwibmFtZSI6IuqwleyerOyYgSIsImlhdCI6MTcxODAwNzE5OCwiZXhwIjoxNzE4MDkzNTk4fQ.e4CvgFlUrxUtRVUx8uy0C0x6hfHQYYQ4BapI-SSHhkQ','Tue Jun 11 17:13:18 KST 2024',1,0);
Insert into REFRESH_TOCKEN (TOCKEN_ID,USERNAME,REFRESH,EXPIRATION,ID,ISVALID) values (43,'naver VOtFDr_KJJVkECm6FWO-Pq9Ml9IYKjd9lhOvilNsbYU','eyJhbGciOiJIUzI1NiJ9.eyJjYXRlZ29yeSI6InJlZnJlc2giLCJ1c2VybmFtZSI6Im5hdmVyIFZPdEZEcl9LSkpWa0VDbTZGV08tUHE5TWw5SVlLamQ5bGhPdmlsTnNiWVUiLCJyb2xlIjoiUk9MRV9VU0VSIiwidXNlcklkIjoxLCJpYXQiOjE3MTc3NTU4ODMsImV4cCI6MTcxNzg0MjI4M30.-Uq0TjGALugkjEScBQF_V1biFnltNrybaiSzOMGZAiM','Sat Jun 08 19:24:43 KST 2024',1,0);
Insert into REFRESH_TOCKEN (TOCKEN_ID,USERNAME,REFRESH,EXPIRATION,ID,ISVALID) values (54,'naver VOtFDr_KJJVkECm6FWO-Pq9Ml9IYKjd9lhOvilNsbYU','eyJhbGciOiJIUzI1NiJ9.eyJjYXRlZ29yeSI6InJlZnJlc2giLCJ1c2VybmFtZSI6Im5hdmVyIFZPdEZEcl9LSkpWa0VDbTZGV08tUHE5TWw5SVlLamQ5bGhPdmlsTnNiWVUiLCJyb2xlIjoiUk9MRV9VU0VSIiwidXNlcklkIjoxLCJpYXQiOjE3MTc3NjAzODksImV4cCI6MTcxNzg0Njc4OX0.7CV82hyi8HzawVRYoPHNWRwuirxrqqyQF-P2Hki2Ma0','Sat Jun 08 20:39:49 KST 2024',1,0);
Insert into REFRESH_TOCKEN (TOCKEN_ID,USERNAME,REFRESH,EXPIRATION,ID,ISVALID) values (67,'wodud6967@naver.com','eyJhbGciOiJIUzI1NiJ9.eyJjYXRlZ29yeSI6InJlZnJlc2giLCJ1c2VyRW1haWwiOiJ3b2R1ZDY5NjdAbmF2ZXIuY29tIiwicm9sZSI6IlJPTEVfVVNFUiIsInVzZXJJZCI6MSwibmFtZSI6IuqwleyerOyYgSIsImlhdCI6MTcxODAwNzM1NywiZXhwIjoxNzE4MDkzNzU3fQ.AICARftLBJE_7WY83lLMPVSlg4anQ1d5gGstFCF__3U','Tue Jun 11 17:15:57 KST 2024',1,0);
Insert into REFRESH_TOCKEN (TOCKEN_ID,USERNAME,REFRESH,EXPIRATION,ID,ISVALID) values (68,'wodud6967@naver.com','eyJhbGciOiJIUzI1NiJ9.eyJjYXRlZ29yeSI6InJlZnJlc2giLCJ1c2VyRW1haWwiOiJ3b2R1ZDY5NjdAbmF2ZXIuY29tIiwicm9sZSI6IlJPTEVfVVNFUiIsInVzZXJJZCI6MSwibmFtZSI6IuqwleyerOyYgSIsImlhdCI6MTcxODAwNzU2MSwiZXhwIjoxNzE4MDkzOTYxfQ.SSY_sHOFw1Ez4MLTyJ3ravBaMij4zb8rkqW0IUHmypU','Tue Jun 11 17:19:21 KST 2024',1,0);
Insert into REFRESH_TOCKEN (TOCKEN_ID,USERNAME,REFRESH,EXPIRATION,ID,ISVALID) values (69,'wodud6967@naver.com','eyJhbGciOiJIUzI1NiJ9.eyJjYXRlZ29yeSI6InJlZnJlc2giLCJ1c2VyRW1haWwiOiJ3b2R1ZDY5NjdAbmF2ZXIuY29tIiwicm9sZSI6IlJPTEVfVVNFUiIsInVzZXJJZCI6MSwibmFtZSI6IuqwleyerOyYgSIsImlhdCI6MTcxODAwNzU3MywiZXhwIjoxNzE4MDkzOTczfQ.BdrUYzKXgvKbnsfCgpNQotmKlcMM-MUv1FV5vHwe9SA','Tue Jun 11 17:19:33 KST 2024',1,0);
Insert into REFRESH_TOCKEN (TOCKEN_ID,USERNAME,REFRESH,EXPIRATION,ID,ISVALID) values (70,'wodud6967@naver.com','eyJhbGciOiJIUzI1NiJ9.eyJjYXRlZ29yeSI6InJlZnJlc2giLCJ1c2VyRW1haWwiOiJ3b2R1ZDY5NjdAbmF2ZXIuY29tIiwicm9sZSI6IlJPTEVfVVNFUiIsInVzZXJJZCI6MSwibmFtZSI6IuqwleyerOyYgSIsImlhdCI6MTcxODAwNzcxNSwiZXhwIjoxNzE4MDk0MTE1fQ.W2flKUQgHJakw065PvjnKA2jrcW9Qfc0QF0HGbjfXWo','Tue Jun 11 17:21:55 KST 2024',1,0);
Insert into REFRESH_TOCKEN (TOCKEN_ID,USERNAME,REFRESH,EXPIRATION,ID,ISVALID) values (71,'wodud6967@naver.com','eyJhbGciOiJIUzI1NiJ9.eyJjYXRlZ29yeSI6InJlZnJlc2giLCJ1c2VyRW1haWwiOiJ3b2R1ZDY5NjdAbmF2ZXIuY29tIiwicm9sZSI6IlJPTEVfVVNFUiIsInVzZXJJZCI6MSwibmFtZSI6IuqwleyerOyYgSIsImlhdCI6MTcxODAwODE4MCwiZXhwIjoxNzE4MDk0NTgwfQ.JskHfdLkSS89tCSfD4uxFO1oO8FO6yWau6A0C7N-1jg','Tue Jun 11 17:29:40 KST 2024',1,0);
Insert into REFRESH_TOCKEN (TOCKEN_ID,USERNAME,REFRESH,EXPIRATION,ID,ISVALID) values (72,'wodud6967@naver.com','eyJhbGciOiJIUzI1NiJ9.eyJjYXRlZ29yeSI6InJlZnJlc2giLCJ1c2VyRW1haWwiOiJ3b2R1ZDY5NjdAbmF2ZXIuY29tIiwicm9sZSI6IlJPTEVfVVNFUiIsInVzZXJJZCI6MSwibmFtZSI6IuqwleyerOyYgSIsImlhdCI6MTcxODAwODI5MywiZXhwIjoxNzE4MDk0NjkzfQ.XuJiD_m2KBplHxacuDyQS4zeBi6vW8DF8LPlJ_JbUgA','Tue Jun 11 17:31:33 KST 2024',1,0);
Insert into REFRESH_TOCKEN (TOCKEN_ID,USERNAME,REFRESH,EXPIRATION,ID,ISVALID) values (73,'wodud6967@naver.com','eyJhbGciOiJIUzI1NiJ9.eyJjYXRlZ29yeSI6InJlZnJlc2giLCJ1c2VyRW1haWwiOiJ3b2R1ZDY5NjdAbmF2ZXIuY29tIiwicm9sZSI6IlJPTEVfVVNFUiIsInVzZXJJZCI6MSwibmFtZSI6IuqwleyerOyYgSIsImlhdCI6MTcxODAwODM1OSwiZXhwIjoxNzE4MDk0NzU5fQ.MaxJXzqeLdZ-lXrZOFW4zX8fOmLzK3B_x2v5oSzL3VY','Tue Jun 11 17:32:39 KST 2024',1,0);
Insert into REFRESH_TOCKEN (TOCKEN_ID,USERNAME,REFRESH,EXPIRATION,ID,ISVALID) values (74,'wodud6967@naver.com','eyJhbGciOiJIUzI1NiJ9.eyJjYXRlZ29yeSI6InJlZnJlc2giLCJ1c2VyRW1haWwiOiJ3b2R1ZDY5NjdAbmF2ZXIuY29tIiwicm9sZSI6IlJPTEVfVVNFUiIsInVzZXJJZCI6MSwibmFtZSI6IuqwleyerOyYgSIsImlhdCI6MTcxODAwODY5MSwiZXhwIjoxNzE4MDk1MDkxfQ.BPXQ08rZEKh_9VMJNUjqmvpf9f3tO0XsSHtB0X8aPXw','Tue Jun 11 17:38:11 KST 2024',1,0);
Insert into REFRESH_TOCKEN (TOCKEN_ID,USERNAME,REFRESH,EXPIRATION,ID,ISVALID) values (75,'wodud6967@naver.com','eyJhbGciOiJIUzI1NiJ9.eyJjYXRlZ29yeSI6InJlZnJlc2giLCJ1c2VyRW1haWwiOiJ3b2R1ZDY5NjdAbmF2ZXIuY29tIiwicm9sZSI6IlJPTEVfVVNFUiIsInVzZXJJZCI6MSwibmFtZSI6IuqwleyerOyYgSIsImlhdCI6MTcxODAwOTAwMCwiZXhwIjoxNzE4MDk1NDAwfQ.kJ6qXDRHDUPjnccVDaRHjY9Wpl-MjLxnuY_0fhRTbf4','Tue Jun 11 17:43:20 KST 2024',1,0);
Insert into REFRESH_TOCKEN (TOCKEN_ID,USERNAME,REFRESH,EXPIRATION,ID,ISVALID) values (76,'wodud6967@naver.com','eyJhbGciOiJIUzI1NiJ9.eyJjYXRlZ29yeSI6InJlZnJlc2giLCJ1c2VyRW1haWwiOiJ3b2R1ZDY5NjdAbmF2ZXIuY29tIiwicm9sZSI6IlJPTEVfVVNFUiIsInVzZXJJZCI6MSwibmFtZSI6IuqwleyerOyYgSIsImlhdCI6MTcxODAwOTI3NywiZXhwIjoxNzE4MDk1Njc3fQ.-9ARiqJjapNB7dksIu4vovMdFzO9OXAboJpP1WGLR3E','Tue Jun 11 17:47:57 KST 2024',1,0);
Insert into REFRESH_TOCKEN (TOCKEN_ID,USERNAME,REFRESH,EXPIRATION,ID,ISVALID) values (77,'wodud6967@naver.com','eyJhbGciOiJIUzI1NiJ9.eyJjYXRlZ29yeSI6InJlZnJlc2giLCJ1c2VyRW1haWwiOiJ3b2R1ZDY5NjdAbmF2ZXIuY29tIiwicm9sZSI6IlJPTEVfVVNFUiIsInVzZXJJZCI6MSwibmFtZSI6IuqwleyerOyYgSIsImlhdCI6MTcxODAwOTM2NiwiZXhwIjoxNzE4MDk1NzY2fQ.rr6VwVitw9Cg1Rq5xgx42FqVHeHonEAo6llqKs9k-SI','Tue Jun 11 17:49:26 KST 2024',1,0);
Insert into REFRESH_TOCKEN (TOCKEN_ID,USERNAME,REFRESH,EXPIRATION,ID,ISVALID) values (78,'wodud6967@naver.com','eyJhbGciOiJIUzI1NiJ9.eyJjYXRlZ29yeSI6InJlZnJlc2giLCJ1c2VyRW1haWwiOiJ3b2R1ZDY5NjdAbmF2ZXIuY29tIiwicm9sZSI6IlJPTEVfVVNFUiIsInVzZXJJZCI6MSwibmFtZSI6IuqwleyerOyYgSIsImlhdCI6MTcxODAwOTM5NCwiZXhwIjoxNzE4MDk1Nzk0fQ.8V6x4XS5M3iKSA5zfTQVDJA_fzV030iqfxJIorZViFc','Tue Jun 11 17:49:54 KST 2024',1,0);
Insert into REFRESH_TOCKEN (TOCKEN_ID,USERNAME,REFRESH,EXPIRATION,ID,ISVALID) values (79,'wodud6967@naver.com','eyJhbGciOiJIUzI1NiJ9.eyJjYXRlZ29yeSI6InJlZnJlc2giLCJ1c2VyRW1haWwiOiJ3b2R1ZDY5NjdAbmF2ZXIuY29tIiwicm9sZSI6IlJPTEVfVVNFUiIsInVzZXJJZCI6MSwibmFtZSI6IuqwleyerOyYgSIsImlhdCI6MTcxODAwOTQzNCwiZXhwIjoxNzE4MDk1ODM0fQ.GJqiqS4WupLso1ll9vLZNg4SzduormPlz1t3SqMutmg','Tue Jun 11 17:50:34 KST 2024',1,0);
Insert into REFRESH_TOCKEN (TOCKEN_ID,USERNAME,REFRESH,EXPIRATION,ID,ISVALID) values (80,'wodud6967@naver.com','eyJhbGciOiJIUzI1NiJ9.eyJjYXRlZ29yeSI6InJlZnJlc2giLCJ1c2VyRW1haWwiOiJ3b2R1ZDY5NjdAbmF2ZXIuY29tIiwicm9sZSI6IlJPTEVfVVNFUiIsInVzZXJJZCI6MSwibmFtZSI6IuqwleyerOyYgSIsImlhdCI6MTcxODAwOTU2MiwiZXhwIjoxNzE4MDk1OTYyfQ.qns07J2OOprY9HETMw0J1c4qkFpt1vkzsgcSpUgSozQ','Tue Jun 11 17:52:42 KST 2024',1,0);
Insert into REFRESH_TOCKEN (TOCKEN_ID,USERNAME,REFRESH,EXPIRATION,ID,ISVALID) values (81,'wodud6967@naver.com','eyJhbGciOiJIUzI1NiJ9.eyJjYXRlZ29yeSI6InJlZnJlc2giLCJ1c2VyRW1haWwiOiJ3b2R1ZDY5NjdAbmF2ZXIuY29tIiwicm9sZSI6IlJPTEVfVVNFUiIsInVzZXJJZCI6MSwibmFtZSI6IuqwleyerOyYgSIsImlhdCI6MTcxODAwOTY4MiwiZXhwIjoxNzE4MDk2MDgyfQ.uR9XNyi6cKHV1D52doByOiSnHVbNoPfBUfaTXNknH3w','Tue Jun 11 17:54:42 KST 2024',1,0);
Insert into REFRESH_TOCKEN (TOCKEN_ID,USERNAME,REFRESH,EXPIRATION,ID,ISVALID) values (82,'wodud6967@naver.com','eyJhbGciOiJIUzI1NiJ9.eyJjYXRlZ29yeSI6InJlZnJlc2giLCJ1c2VyRW1haWwiOiJ3b2R1ZDY5NjdAbmF2ZXIuY29tIiwicm9sZSI6IlJPTEVfVVNFUiIsInVzZXJJZCI6MSwibmFtZSI6IuqwleyerOyYgSIsImlhdCI6MTcxODAxMDI5OCwiZXhwIjoxNzE4MDk2Njk4fQ.QBx9eZvhMrbKt9_gDFJJ7NjBWlHjMotEZT7ntaXwlYY','Tue Jun 11 18:04:58 KST 2024',1,0);
Insert into REFRESH_TOCKEN (TOCKEN_ID,USERNAME,REFRESH,EXPIRATION,ID,ISVALID) values (83,'wodud6967@naver.com','eyJhbGciOiJIUzI1NiJ9.eyJjYXRlZ29yeSI6InJlZnJlc2giLCJ1c2VyRW1haWwiOiJ3b2R1ZDY5NjdAbmF2ZXIuY29tIiwicm9sZSI6IlJPTEVfVVNFUiIsInVzZXJJZCI6MSwibmFtZSI6IuqwleyerOyYgSIsImlhdCI6MTcxODAxMDQxNywiZXhwIjoxNzE4MDk2ODE3fQ.2INAcTeMGqOtXS4lBH-LHT4edmyVKoNxd64CTH6JRak','Tue Jun 11 18:06:57 KST 2024',1,0);
Insert into REFRESH_TOCKEN (TOCKEN_ID,USERNAME,REFRESH,EXPIRATION,ID,ISVALID) values (84,'wodud6967@naver.com','eyJhbGciOiJIUzI1NiJ9.eyJjYXRlZ29yeSI6InJlZnJlc2giLCJ1c2VyRW1haWwiOiJ3b2R1ZDY5NjdAbmF2ZXIuY29tIiwicm9sZSI6IlJPTEVfVVNFUiIsInVzZXJJZCI6MSwibmFtZSI6IuqwleyerOyYgSIsImlhdCI6MTcxODAxMDc2OSwiZXhwIjoxNzE4MDk3MTY5fQ.RjLS1fBTDq2jvF_uZ8o4781EMZRmis8Wzo6e5X3cCrk','Tue Jun 11 18:12:49 KST 2024',1,0);
Insert into REFRESH_TOCKEN (TOCKEN_ID,USERNAME,REFRESH,EXPIRATION,ID,ISVALID) values (85,'wodud6967@naver.com','eyJhbGciOiJIUzI1NiJ9.eyJjYXRlZ29yeSI6InJlZnJlc2giLCJ1c2VyRW1haWwiOiJ3b2R1ZDY5NjdAbmF2ZXIuY29tIiwicm9sZSI6IlJPTEVfVVNFUiIsInVzZXJJZCI6MSwibmFtZSI6IuqwleyerOyYgSIsImlhdCI6MTcxODAxMTA5OCwiZXhwIjoxNzE4MDk3NDk4fQ.gX7d4g5r_r5r9-W5_5MKlO3J-ZxpeCDd7otUCUKPgP8','Tue Jun 11 18:18:18 KST 2024',1,0);
Insert into REFRESH_TOCKEN (TOCKEN_ID,USERNAME,REFRESH,EXPIRATION,ID,ISVALID) values (86,'wodud6967@naver.com','eyJhbGciOiJIUzI1NiJ9.eyJjYXRlZ29yeSI6InJlZnJlc2giLCJ1c2VyRW1haWwiOiJ3b2R1ZDY5NjdAbmF2ZXIuY29tIiwicm9sZSI6IlJPTEVfVVNFUiIsInVzZXJJZCI6MSwibmFtZSI6IuqwleyerOyYgSIsImlhdCI6MTcxODAxMTIyMiwiZXhwIjoxNzE4MDk3NjIyfQ.XYzvc3g9Qgki6gLin0ag1SjpkIZjY2IDVyWaaKufhFo','Tue Jun 11 18:20:22 KST 2024',1,0);
Insert into REFRESH_TOCKEN (TOCKEN_ID,USERNAME,REFRESH,EXPIRATION,ID,ISVALID) values (109,'wodud6967@naver.com','eyJhbGciOiJIUzI1NiJ9.eyJjYXRlZ29yeSI6InJlZnJlc2giLCJ1c2VyRW1haWwiOiJ3b2R1ZDY5NjdAbmF2ZXIuY29tIiwicm9sZSI6IlJPTEVfVVNFUiIsInVzZXJJZCI6MSwibmFtZSI6IuqwleyerOyYgSIsImlhdCI6MTcxODAxNzg4NCwiZXhwIjoxNzE4MTA0Mjg0fQ.W214DKSqSjX1UPwmEs4uQy13LTcnaiYCtyxkf1_ew08','Tue Jun 11 20:11:24 KST 2024',1,0);
Insert into REFRESH_TOCKEN (TOCKEN_ID,USERNAME,REFRESH,EXPIRATION,ID,ISVALID) values (110,'wodud6967@naver.com','eyJhbGciOiJIUzI1NiJ9.eyJjYXRlZ29yeSI6InJlZnJlc2giLCJ1c2VyRW1haWwiOiJ3b2R1ZDY5NjdAbmF2ZXIuY29tIiwicm9sZSI6IlJPTEVfVVNFUiIsInVzZXJJZCI6MSwibmFtZSI6IuqwleyerOyYgSIsImlhdCI6MTcxODAxNzkzNiwiZXhwIjoxNzE4MTA0MzM2fQ.Yc9zsm04fkv8JMzfnm-aLe-QIBAzVfOlSteRNimo-l4','Tue Jun 11 20:12:16 KST 2024',1,0);
Insert into REFRESH_TOCKEN (TOCKEN_ID,USERNAME,REFRESH,EXPIRATION,ID,ISVALID) values (111,'wodud6967@naver.com','eyJhbGciOiJIUzI1NiJ9.eyJjYXRlZ29yeSI6InJlZnJlc2giLCJ1c2VyRW1haWwiOiJ3b2R1ZDY5NjdAbmF2ZXIuY29tIiwicm9sZSI6IlJPTEVfVVNFUiIsInVzZXJJZCI6MSwibmFtZSI6IuqwleyerOyYgSIsImlhdCI6MTcxODAxODA4MywiZXhwIjoxNzE4MTA0NDgzfQ.6zMKOvdp_-Vahv_bNrndPNMy83IO-SppDbmHE1JV8-E','Tue Jun 11 20:14:43 KST 2024',1,0);
Insert into REFRESH_TOCKEN (TOCKEN_ID,USERNAME,REFRESH,EXPIRATION,ID,ISVALID) values (112,'wodud6967@naver.com','eyJhbGciOiJIUzI1NiJ9.eyJjYXRlZ29yeSI6InJlZnJlc2giLCJ1c2VyRW1haWwiOiJ3b2R1ZDY5NjdAbmF2ZXIuY29tIiwicm9sZSI6IlJPTEVfVVNFUiIsInVzZXJJZCI6MSwibmFtZSI6IuqwleyerOyYgSIsImlhdCI6MTcxODAxODE5NCwiZXhwIjoxNzE4MTA0NTk0fQ.COhw30KDzUY9AecEczUXLvFZ7jdLwaI8yJJK3Wi_2eg','Tue Jun 11 20:16:34 KST 2024',1,0);
Insert into REFRESH_TOCKEN (TOCKEN_ID,USERNAME,REFRESH,EXPIRATION,ID,ISVALID) values (113,'wodud6967@naver.com','eyJhbGciOiJIUzI1NiJ9.eyJjYXRlZ29yeSI6InJlZnJlc2giLCJ1c2VyRW1haWwiOiJ3b2R1ZDY5NjdAbmF2ZXIuY29tIiwicm9sZSI6IlJPTEVfVVNFUiIsInVzZXJJZCI6MSwibmFtZSI6IuqwleyerOyYgSIsImlhdCI6MTcxODAxODIyNywiZXhwIjoxNzE4MTA0NjI3fQ.K1bynr2uoKGn6uPdI3mxUQZZLj5bPguRceM3zsdxFSE','Tue Jun 11 20:17:07 KST 2024',1,0);
Insert into REFRESH_TOCKEN (TOCKEN_ID,USERNAME,REFRESH,EXPIRATION,ID,ISVALID) values (114,'wodud6967@naver.com','eyJhbGciOiJIUzI1NiJ9.eyJjYXRlZ29yeSI6InJlZnJlc2giLCJ1c2VyRW1haWwiOiJ3b2R1ZDY5NjdAbmF2ZXIuY29tIiwicm9sZSI6IlJPTEVfVVNFUiIsInVzZXJJZCI6MSwibmFtZSI6IuqwleyerOyYgSIsImlhdCI6MTcxODAxODkyOSwiZXhwIjoxNzE4MTA1MzI5fQ.SP6hBSJvT5f5WJMpkweex5Mi5SB64tQ3i4PvWaFzxL4','Tue Jun 11 20:28:49 KST 2024',1,0);
Insert into REFRESH_TOCKEN (TOCKEN_ID,USERNAME,REFRESH,EXPIRATION,ID,ISVALID) values (115,'wodud6967@naver.com','eyJhbGciOiJIUzI1NiJ9.eyJjYXRlZ29yeSI6InJlZnJlc2giLCJ1c2VyRW1haWwiOiJ3b2R1ZDY5NjdAbmF2ZXIuY29tIiwicm9sZSI6IlJPTEVfVVNFUiIsInVzZXJJZCI6MSwibmFtZSI6IuqwleyerOyYgSIsImlhdCI6MTcxODAxODk2MywiZXhwIjoxNzE4MTA1MzYzfQ.BjW2iMOp6--hmPxpFBRm74rbc4lLYD2W-5XDQzvfdxQ','Tue Jun 11 20:29:23 KST 2024',1,0);
Insert into REFRESH_TOCKEN (TOCKEN_ID,USERNAME,REFRESH,EXPIRATION,ID,ISVALID) values (116,'wodud6967@naver.com','eyJhbGciOiJIUzI1NiJ9.eyJjYXRlZ29yeSI6InJlZnJlc2giLCJ1c2VyRW1haWwiOiJ3b2R1ZDY5NjdAbmF2ZXIuY29tIiwicm9sZSI6IlJPTEVfVVNFUiIsInVzZXJJZCI6MSwibmFtZSI6IuqwleyerOyYgSIsImlhdCI6MTcxODAxODk5NCwiZXhwIjoxNzE4MTA1Mzk0fQ.Zk5yYZrIRJoGGZ0JMvf1gItJ5qMxlnTkTz_dHc5WU4I','Tue Jun 11 20:29:54 KST 2024',1,0);
Insert into REFRESH_TOCKEN (TOCKEN_ID,USERNAME,REFRESH,EXPIRATION,ID,ISVALID) values (117,'wodud6967@naver.com','eyJhbGciOiJIUzI1NiJ9.eyJjYXRlZ29yeSI6InJlZnJlc2giLCJ1c2VyRW1haWwiOiJ3b2R1ZDY5NjdAbmF2ZXIuY29tIiwicm9sZSI6IlJPTEVfVVNFUiIsInVzZXJJZCI6MSwibmFtZSI6IuqwleyerOyYgSIsImlhdCI6MTcxODAxOTAxNywiZXhwIjoxNzE4MTA1NDE3fQ.EmlT2lKHux2VyfoKqB0tGBADyX5D5on9qG6UbI1BHNk','Tue Jun 11 20:30:17 KST 2024',1,0);
Insert into REFRESH_TOCKEN (TOCKEN_ID,USERNAME,REFRESH,EXPIRATION,ID,ISVALID) values (118,'wodud6967@naver.com','eyJhbGciOiJIUzI1NiJ9.eyJjYXRlZ29yeSI6InJlZnJlc2giLCJ1c2VyRW1haWwiOiJ3b2R1ZDY5NjdAbmF2ZXIuY29tIiwicm9sZSI6IlJPTEVfVVNFUiIsInVzZXJJZCI6MSwibmFtZSI6IuqwleyerOyYgSIsImlhdCI6MTcxODAxOTAyNCwiZXhwIjoxNzE4MTA1NDI0fQ.45tVd98vXNqDdLvTMCV9aGZ7z-5LLghTRM6c0ZdBpng','Tue Jun 11 20:30:24 KST 2024',1,0);
Insert into REFRESH_TOCKEN (TOCKEN_ID,USERNAME,REFRESH,EXPIRATION,ID,ISVALID) values (119,'wodud3365@nate.com','eyJhbGciOiJIUzI1NiJ9.eyJjYXRlZ29yeSI6InJlZnJlc2giLCJ1c2VyRW1haWwiOiJ3b2R1ZDMzNjVAbmF0ZS5jb20iLCJyb2xlIjoiUk9MRV9VU0VSIiwidXNlcklkIjozLCJuYW1lIjoi6rCV7J6s7JiBIiwiaWF0IjoxNzE4MDE5MDI5LCJleHAiOjE3MTgxMDU0Mjl9.r3m9GpkLLdhBo1djtfcWmZQNkvwqHEXhWbULeetHjBQ','Tue Jun 11 20:30:29 KST 2024',3,1);
Insert into REFRESH_TOCKEN (TOCKEN_ID,USERNAME,REFRESH,EXPIRATION,ID,ISVALID) values (120,'wodud3365@naver.com','eyJhbGciOiJIUzI1NiJ9.eyJjYXRlZ29yeSI6InJlZnJlc2giLCJ1c2VyRW1haWwiOiJ3b2R1ZDMzNjVAbmF2ZXIuY29tIiwicm9sZSI6IlJPTEVfVVNFUiIsInVzZXJJZCI6NCwibmFtZSI6IuqwleyerOyYgSIsImlhdCI6MTcxODAxOTA0NywiZXhwIjoxNzE4MTA1NDQ3fQ.elVPN-3IWoxbf2Nqw_M3yd_zINgRZgDQsTs2VvOIHrI','Tue Jun 11 20:30:47 KST 2024',4,0);
Insert into REFRESH_TOCKEN (TOCKEN_ID,USERNAME,REFRESH,EXPIRATION,ID,ISVALID) values (121,'wodud3365@naver.com','eyJhbGciOiJIUzI1NiJ9.eyJjYXRlZ29yeSI6InJlZnJlc2giLCJ1c2VyRW1haWwiOiJ3b2R1ZDMzNjVAbmF2ZXIuY29tIiwicm9sZSI6IlJPTEVfVVNFUiIsInVzZXJJZCI6NCwibmFtZSI6IuqwleyerOyYgSIsImlhdCI6MTcxODAxOTA1OCwiZXhwIjoxNzE4MTA1NDU4fQ.zUKB3MAUW_s6rxvJ29UyBZY-EJqxPd6eHEG_4NREtiI','Tue Jun 11 20:30:58 KST 2024',4,0);
Insert into REFRESH_TOCKEN (TOCKEN_ID,USERNAME,REFRESH,EXPIRATION,ID,ISVALID) values (122,'wodud3365@naver.com','eyJhbGciOiJIUzI1NiJ9.eyJjYXRlZ29yeSI6InJlZnJlc2giLCJ1c2VyRW1haWwiOiJ3b2R1ZDMzNjVAbmF2ZXIuY29tIiwicm9sZSI6IlJPTEVfVVNFUiIsInVzZXJJZCI6NCwibmFtZSI6IuqwleyerOyYgSIsImlhdCI6MTcxODAxOTM2NywiZXhwIjoxNzE4MTA1NzY3fQ.ShJ5_5xptg1VE-5Rl0EWPS0HcSkScr0LB59YbgKefhQ','Tue Jun 11 20:36:07 KST 2024',4,0);
Insert into REFRESH_TOCKEN (TOCKEN_ID,USERNAME,REFRESH,EXPIRATION,ID,ISVALID) values (123,'wodud6967@gmail.com','eyJhbGciOiJIUzI1NiJ9.eyJjYXRlZ29yeSI6InJlZnJlc2giLCJ1c2VyRW1haWwiOiJ3b2R1ZDY5NjdAZ21haWwuY29tIiwicm9sZSI6IlJPTEVfVVNFUiIsInVzZXJJZCI6MiwibmFtZSI6IuqwleyerOyYgSIsImlhdCI6MTcxODAxOTM3NywiZXhwIjoxNzE4MTA1Nzc3fQ.McOZQCB6yW1oPzhlsXIqCdUEiZmgMvO6SU4-lYaifYs','Tue Jun 11 20:36:17 KST 2024',2,0);
Insert into REFRESH_TOCKEN (TOCKEN_ID,USERNAME,REFRESH,EXPIRATION,ID,ISVALID) values (124,'wodud6967@naver.com','eyJhbGciOiJIUzI1NiJ9.eyJjYXRlZ29yeSI6InJlZnJlc2giLCJ1c2VyRW1haWwiOiJ3b2R1ZDY5NjdAbmF2ZXIuY29tIiwicm9sZSI6IlJPTEVfVVNFUiIsInVzZXJJZCI6MSwibmFtZSI6IuqwleyerOyYgSIsImlhdCI6MTcxODAxOTQ1MSwiZXhwIjoxNzE4MTA1ODUxfQ.5HY4-jZaebt3laKiIYPvWfxqTJLWBYoOPAEpFMdmKC8','Tue Jun 11 20:37:31 KST 2024',1,0);
Insert into REFRESH_TOCKEN (TOCKEN_ID,USERNAME,REFRESH,EXPIRATION,ID,ISVALID) values (125,'wodud6967@naver.com','eyJhbGciOiJIUzI1NiJ9.eyJjYXRlZ29yeSI6InJlZnJlc2giLCJ1c2VyRW1haWwiOiJ3b2R1ZDY5NjdAbmF2ZXIuY29tIiwicm9sZSI6IlJPTEVfVVNFUiIsInVzZXJJZCI6MSwibmFtZSI6IuqwleyerOyYgSIsImlhdCI6MTcxODAyMDQ3MCwiZXhwIjoxNzE4MTA2ODcwfQ.mbPfLPlQsIyio2lLuqKmoP0uxlBBH-AoXgKUKm48-dw','Tue Jun 11 20:54:30 KST 2024',1,0);
Insert into REFRESH_TOCKEN (TOCKEN_ID,USERNAME,REFRESH,EXPIRATION,ID,ISVALID) values (147,'naver VOtFDr_KJJVkECm6FWO-Pq9Ml9IYKjd9lhOvilNsbYU','eyJhbGciOiJIUzI1NiJ9.eyJjYXRlZ29yeSI6InJlZnJlc2giLCJ1c2VybmFtZSI6Im5hdmVyIFZPdEZEcl9LSkpWa0VDbTZGV08tUHE5TWw5SVlLamQ5bGhPdmlsTnNiWVUiLCJyb2xlIjoiUk9MRV9VU0VSIiwidXNlcklkIjoxLCJpYXQiOjE3MTgxODYyODIsImV4cCI6MTcxODI3MjY4Mn0.3saeqkFE-MVQHip2V8Wtb9aTVTh1ojMTmg2KGNvG5Xw','Thu Jun 13 18:58:02 KST 2024',1,0);
Insert into REFRESH_TOCKEN (TOCKEN_ID,USERNAME,REFRESH,EXPIRATION,ID,ISVALID) values (148,'wodud6967@naver.com','eyJhbGciOiJIUzI1NiJ9.eyJjYXRlZ29yeSI6InJlZnJlc2giLCJ1c2VyRW1haWwiOiJ3b2R1ZDY5NjdAbmF2ZXIuY29tIiwicm9sZSI6InVzZXIxIiwidXNlcklkIjoxLCJuYW1lIjoi6rCV7J6s7JiBIiwiaWF0IjoxNzE4MTg4MjkzLCJleHAiOjE3MTgyNzQ2OTN9.elrAeRM9vGArW0RsmG5BeI8BC78ZBQHJaRxsTPB0SQE','Thu Jun 13 19:31:33 KST 2024',1,0);
Insert into REFRESH_TOCKEN (TOCKEN_ID,USERNAME,REFRESH,EXPIRATION,ID,ISVALID) values (149,'wodud6967@naver.com','eyJhbGciOiJIUzI1NiJ9.eyJjYXRlZ29yeSI6InJlZnJlc2giLCJ1c2VyRW1haWwiOiJ3b2R1ZDY5NjdAbmF2ZXIuY29tIiwicm9sZSI6InVzZXIxIiwidXNlcklkIjoxLCJuYW1lIjoi6rCV7J6s7JiBIiwiaWF0IjoxNzE4MTg4NTMxLCJleHAiOjE3MTgyNzQ5MzF9.QF_LHZjTANGi7pxNf5HUdJpjLWYT3CrycVKiYKue-xw','Thu Jun 13 19:35:31 KST 2024',1,0);
Insert into REFRESH_TOCKEN (TOCKEN_ID,USERNAME,REFRESH,EXPIRATION,ID,ISVALID) values (130,'wodud6967@naver.com','eyJhbGciOiJIUzI1NiJ9.eyJjYXRlZ29yeSI6InJlZnJlc2giLCJ1c2VyRW1haWwiOiJ3b2R1ZDY5NjdAbmF2ZXIuY29tIiwicm9sZSI6IlJPTEVfVVNFUiIsInVzZXJJZCI6MSwibmFtZSI6IuqwleyerOyYgSIsImlhdCI6MTcxODA3OTUwNywiZXhwIjoxNzE4MTY1OTA3fQ.NE6G25nulv3A1DtmGhveqLrWGtSUHxRh9YqltldFkB0','Wed Jun 12 13:18:27 KST 2024',1,0);
Insert into REFRESH_TOCKEN (TOCKEN_ID,USERNAME,REFRESH,EXPIRATION,ID,ISVALID) values (131,'wodud6967@naver.com','eyJhbGciOiJIUzI1NiJ9.eyJjYXRlZ29yeSI6InJlZnJlc2giLCJ1c2VyRW1haWwiOiJ3b2R1ZDY5NjdAbmF2ZXIuY29tIiwicm9sZSI6IlJPTEVfVVNFUiIsInVzZXJJZCI6MSwibmFtZSI6IuqwleyerOyYgSIsImlhdCI6MTcxODA3OTY3MywiZXhwIjoxNzE4MTY2MDczfQ.A4ju29NgW17PQ5b3WauukYBqVFLKoy62NdicSDkKM1w','Wed Jun 12 13:21:13 KST 2024',1,0);
Insert into REFRESH_TOCKEN (TOCKEN_ID,USERNAME,REFRESH,EXPIRATION,ID,ISVALID) values (132,'wodud6967@naver.com','eyJhbGciOiJIUzI1NiJ9.eyJjYXRlZ29yeSI6InJlZnJlc2giLCJ1c2VyRW1haWwiOiJ3b2R1ZDY5NjdAbmF2ZXIuY29tIiwicm9sZSI6IlJPTEVfVVNFUiIsInVzZXJJZCI6MSwibmFtZSI6IuqwleyerOyYgSIsImlhdCI6MTcxODA4MDE1NiwiZXhwIjoxNzE4MTY2NTU2fQ.Rmn-P53jhxx8DhIDTS3_vR7qaOWc0XY9SwimpfT7cWU','Wed Jun 12 13:29:16 KST 2024',1,0);
Insert into REFRESH_TOCKEN (TOCKEN_ID,USERNAME,REFRESH,EXPIRATION,ID,ISVALID) values (133,'wodud6967@naver.com','eyJhbGciOiJIUzI1NiJ9.eyJjYXRlZ29yeSI6InJlZnJlc2giLCJ1c2VyRW1haWwiOiJ3b2R1ZDY5NjdAbmF2ZXIuY29tIiwicm9sZSI6IlJPTEVfVVNFUiIsInVzZXJJZCI6MSwibmFtZSI6IuqwleyerOyYgSIsImlhdCI6MTcxODA4MDE5NiwiZXhwIjoxNzE4MTY2NTk2fQ.dOue6ALmjbZzHy_UdPVT6r9Ulhi9yu6-pmkaqrfoIQs','Wed Jun 12 13:29:56 KST 2024',1,0);
Insert into REFRESH_TOCKEN (TOCKEN_ID,USERNAME,REFRESH,EXPIRATION,ID,ISVALID) values (134,'wodud6967@naver.com','eyJhbGciOiJIUzI1NiJ9.eyJjYXRlZ29yeSI6InJlZnJlc2giLCJ1c2VyRW1haWwiOiJ3b2R1ZDY5NjdAbmF2ZXIuY29tIiwicm9sZSI6IlJPTEVfVVNFUiIsInVzZXJJZCI6MSwibmFtZSI6IuqwleyerOyYgSIsImlhdCI6MTcxODA4MDIxNSwiZXhwIjoxNzE4MTY2NjE1fQ.mJyaYw7W33Ij17fpc0FFZsYhU8XD06qutbZF1HK6xvE','Wed Jun 12 13:30:15 KST 2024',1,0);
Insert into REFRESH_TOCKEN (TOCKEN_ID,USERNAME,REFRESH,EXPIRATION,ID,ISVALID) values (135,'wodud6967@naver.com','eyJhbGciOiJIUzI1NiJ9.eyJjYXRlZ29yeSI6InJlZnJlc2giLCJ1c2VyRW1haWwiOiJ3b2R1ZDY5NjdAbmF2ZXIuY29tIiwicm9sZSI6IlJPTEVfVVNFUiIsInVzZXJJZCI6MSwibmFtZSI6IuqwleyerOyYgSIsImlhdCI6MTcxODA4MDU1OSwiZXhwIjoxNzE4MTY2OTU5fQ.0ruR2utM_6l2TFfYN11OLeqOHSwWI7uQ1xtETCnXtyA','Wed Jun 12 13:35:59 KST 2024',1,0);
Insert into REFRESH_TOCKEN (TOCKEN_ID,USERNAME,REFRESH,EXPIRATION,ID,ISVALID) values (136,'wodud6967@naver.com','eyJhbGciOiJIUzI1NiJ9.eyJjYXRlZ29yeSI6InJlZnJlc2giLCJ1c2VyRW1haWwiOiJ3b2R1ZDY5NjdAbmF2ZXIuY29tIiwicm9sZSI6IlJPTEVfVVNFUiIsInVzZXJJZCI6MSwibmFtZSI6IuqwleyerOyYgSIsImlhdCI6MTcxODA4MDcwMSwiZXhwIjoxNzE4MTY3MTAxfQ.QYtM5zQJSCBqBC8waVedYczuCG492sT1FFOQLPSpmgI','Wed Jun 12 13:38:21 KST 2024',1,0);
Insert into REFRESH_TOCKEN (TOCKEN_ID,USERNAME,REFRESH,EXPIRATION,ID,ISVALID) values (137,'wodud6967@naver.com','eyJhbGciOiJIUzI1NiJ9.eyJjYXRlZ29yeSI6InJlZnJlc2giLCJ1c2VyRW1haWwiOiJ3b2R1ZDY5NjdAbmF2ZXIuY29tIiwicm9sZSI6IlJPTEVfVVNFUiIsInVzZXJJZCI6MSwibmFtZSI6IuqwleyerOyYgSIsImlhdCI6MTcxODA4MDgxMCwiZXhwIjoxNzE4MTY3MjEwfQ.G9bhjliXnKRU9QUY-siyIsP6EUjmIcQqAXPiVCCmpBY','Wed Jun 12 13:40:10 KST 2024',1,0);
Insert into REFRESH_TOCKEN (TOCKEN_ID,USERNAME,REFRESH,EXPIRATION,ID,ISVALID) values (138,'wodud6967@naver.com','eyJhbGciOiJIUzI1NiJ9.eyJjYXRlZ29yeSI6InJlZnJlc2giLCJ1c2VyRW1haWwiOiJ3b2R1ZDY5NjdAbmF2ZXIuY29tIiwicm9sZSI6IlJPTEVfVVNFUiIsInVzZXJJZCI6MSwibmFtZSI6IuqwleyerOyYgSIsImlhdCI6MTcxODA4MTAxOSwiZXhwIjoxNzE4MTY3NDE5fQ.34TwCFcpP9Aby0aWKCTG92ODnlNGqk1E_ORWJ8yy6T8','Wed Jun 12 13:43:39 KST 2024',1,0);
Insert into REFRESH_TOCKEN (TOCKEN_ID,USERNAME,REFRESH,EXPIRATION,ID,ISVALID) values (139,'wodud6967@naver.com','eyJhbGciOiJIUzI1NiJ9.eyJjYXRlZ29yeSI6InJlZnJlc2giLCJ1c2VyRW1haWwiOiJ3b2R1ZDY5NjdAbmF2ZXIuY29tIiwicm9sZSI6IlJPTEVfVVNFUiIsInVzZXJJZCI6MSwibmFtZSI6IuqwleyerOyYgSIsImlhdCI6MTcxODA4MTI3NSwiZXhwIjoxNzE4MTY3Njc1fQ.A4BfPOA90e_2IUldT1dRA8hTyr42iFb_MeKjI2vwSmk','Wed Jun 12 13:47:55 KST 2024',1,0);
Insert into REFRESH_TOCKEN (TOCKEN_ID,USERNAME,REFRESH,EXPIRATION,ID,ISVALID) values (140,'wodud6967@naver.com','eyJhbGciOiJIUzI1NiJ9.eyJjYXRlZ29yeSI6InJlZnJlc2giLCJ1c2VyRW1haWwiOiJ3b2R1ZDY5NjdAbmF2ZXIuY29tIiwicm9sZSI6IlJPTEVfVVNFUiIsInVzZXJJZCI6MSwibmFtZSI6IuqwleyerOyYgSIsImlhdCI6MTcxODA4MTUzOCwiZXhwIjoxNzE4MTY3OTM4fQ.KfMv6vkBioASq4kL8Ew8a86OwQ5c8fQc0R9__OZ-WL4','Wed Jun 12 13:52:18 KST 2024',1,0);
Insert into REFRESH_TOCKEN (TOCKEN_ID,USERNAME,REFRESH,EXPIRATION,ID,ISVALID) values (141,'wodud6967@naver.com','eyJhbGciOiJIUzI1NiJ9.eyJjYXRlZ29yeSI6InJlZnJlc2giLCJ1c2VyRW1haWwiOiJ3b2R1ZDY5NjdAbmF2ZXIuY29tIiwicm9sZSI6IlJPTEVfVVNFUiIsInVzZXJJZCI6MSwibmFtZSI6IuqwleyerOyYgSIsImlhdCI6MTcxODA4MTY5NiwiZXhwIjoxNzE4MTY4MDk2fQ.JI5HgDgqYuBuh4xcNUwFHIMC4dy2igSa6ENYodHdRQE','Wed Jun 12 13:54:56 KST 2024',1,0);
Insert into REFRESH_TOCKEN (TOCKEN_ID,USERNAME,REFRESH,EXPIRATION,ID,ISVALID) values (142,'wodud6967@naver.com','eyJhbGciOiJIUzI1NiJ9.eyJjYXRlZ29yeSI6InJlZnJlc2giLCJ1c2VyRW1haWwiOiJ3b2R1ZDY5NjdAbmF2ZXIuY29tIiwicm9sZSI6IlJPTEVfVVNFUiIsInVzZXJJZCI6MSwibmFtZSI6IuqwleyerOyYgSIsImlhdCI6MTcxODA4MjAxNSwiZXhwIjoxNzE4MTY4NDE1fQ.3bYuCVlQqKXRvldpyVVy-ljFDsVSTZWh-zaudXyvBsQ','Wed Jun 12 14:00:15 KST 2024',1,0);
Insert into REFRESH_TOCKEN (TOCKEN_ID,USERNAME,REFRESH,EXPIRATION,ID,ISVALID) values (143,'wodud6967@naver.com','eyJhbGciOiJIUzI1NiJ9.eyJjYXRlZ29yeSI6InJlZnJlc2giLCJ1c2VyRW1haWwiOiJ3b2R1ZDY5NjdAbmF2ZXIuY29tIiwicm9sZSI6IlJPTEVfVVNFUiIsInVzZXJJZCI6MSwibmFtZSI6IuqwleyerOyYgSIsImlhdCI6MTcxODA4MjA2MywiZXhwIjoxNzE4MTY4NDYzfQ.uskAgGAXcj9qDlYCH--ACbh_vFLSfwbyGfQnx_3joUk','Wed Jun 12 14:01:03 KST 2024',1,0);
Insert into REFRESH_TOCKEN (TOCKEN_ID,USERNAME,REFRESH,EXPIRATION,ID,ISVALID) values (144,'wodud6967@naver.com','eyJhbGciOiJIUzI1NiJ9.eyJjYXRlZ29yeSI6InJlZnJlc2giLCJ1c2VyRW1haWwiOiJ3b2R1ZDY5NjdAbmF2ZXIuY29tIiwicm9sZSI6IlJPTEVfVVNFUiIsInVzZXJJZCI6MSwibmFtZSI6IuqwleyerOyYgSIsImlhdCI6MTcxODA4MjEwNywiZXhwIjoxNzE4MTY4NTA3fQ.JchpTOpCyYIR91yoAhfiQpOXDAVzXTpL5eyujsg07k0','Wed Jun 12 14:01:47 KST 2024',1,0);
Insert into REFRESH_TOCKEN (TOCKEN_ID,USERNAME,REFRESH,EXPIRATION,ID,ISVALID) values (145,'wodud3365@naver.com','eyJhbGciOiJIUzI1NiJ9.eyJjYXRlZ29yeSI6InJlZnJlc2giLCJ1c2VyRW1haWwiOiJ3b2R1ZDMzNjVAbmF2ZXIuY29tIiwicm9sZSI6IlJPTEVfVVNFUiIsInVzZXJJZCI6NCwibmFtZSI6IuqwleyerOyYgSIsImlhdCI6MTcxODA4MjExMywiZXhwIjoxNzE4MTY4NTEzfQ.JfWxmRdCwN6AyS_EMb54IX20A5a6LyqFqGxDMDDs8RU','Wed Jun 12 14:01:53 KST 2024',4,0);
Insert into REFRESH_TOCKEN (TOCKEN_ID,USERNAME,REFRESH,EXPIRATION,ID,ISVALID) values (146,'wodud6967@naver.com','eyJhbGciOiJIUzI1NiJ9.eyJjYXRlZ29yeSI6InJlZnJlc2giLCJ1c2VyRW1haWwiOiJ3b2R1ZDY5NjdAbmF2ZXIuY29tIiwicm9sZSI6IlJPTEVfVVNFUiIsInVzZXJJZCI6MSwibmFtZSI6IuqwleyerOyYgSIsImlhdCI6MTcxODA4MzQ4NywiZXhwIjoxNzE4MTY5ODg3fQ.KRsRH51mPA7e6LwiGCfquxJkZpGWnMC9CZUpic9ovmo','Wed Jun 12 14:24:47 KST 2024',1,0);
Insert into REFRESH_TOCKEN (TOCKEN_ID,USERNAME,REFRESH,EXPIRATION,ID,ISVALID) values (151,'wodud6967@naver.com','eyJhbGciOiJIUzI1NiJ9.eyJjYXRlZ29yeSI6InJlZnJlc2giLCJ1c2VyRW1haWwiOiJ3b2R1ZDY5NjdAbmF2ZXIuY29tIiwicm9sZSI6InVzZXIxIiwidXNlcklkIjoxLCJuYW1lIjoi6rCV7J6s7JiBIiwiaWF0IjoxNzE4MjQ1MTMwLCJleHAiOjE3MTgzMzE1MzB9.0fBgwr5b9lc2waLbcHi5zPb0cO86MlQ3aDwS0bNTVZ0','Fri Jun 14 11:18:50 KST 2024',1,1);
Insert into REFRESH_TOCKEN (TOCKEN_ID,USERNAME,REFRESH,EXPIRATION,ID,ISVALID) values (126,'wodud6967@naver.com','eyJhbGciOiJIUzI1NiJ9.eyJjYXRlZ29yeSI6InJlZnJlc2giLCJ1c2VyRW1haWwiOiJ3b2R1ZDY5NjdAbmF2ZXIuY29tIiwicm9sZSI6IlJPTEVfVVNFUiIsInVzZXJJZCI6MSwibmFtZSI6IuqwleyerOyYgSIsImlhdCI6MTcxODA3ODU4NywiZXhwIjoxNzE4MTY0OTg3fQ.HiUYhtoaNXkXDksJ0yYOkErBdJrBonnm9drfCkQn7Ao','Wed Jun 12 13:03:07 KST 2024',1,0);
Insert into REFRESH_TOCKEN (TOCKEN_ID,USERNAME,REFRESH,EXPIRATION,ID,ISVALID) values (127,'wodud6967@naver.com','eyJhbGciOiJIUzI1NiJ9.eyJjYXRlZ29yeSI6InJlZnJlc2giLCJ1c2VyRW1haWwiOiJ3b2R1ZDY5NjdAbmF2ZXIuY29tIiwicm9sZSI6IlJPTEVfVVNFUiIsInVzZXJJZCI6MSwibmFtZSI6IuqwleyerOyYgSIsImlhdCI6MTcxODA3ODcxMCwiZXhwIjoxNzE4MTY1MTEwfQ.xHCOQTgplt0sVGlbtMqIpI9bwO71gyvem2C633LdEvs','Wed Jun 12 13:05:10 KST 2024',1,0);
Insert into REFRESH_TOCKEN (TOCKEN_ID,USERNAME,REFRESH,EXPIRATION,ID,ISVALID) values (128,'wodud6967@naver.com','eyJhbGciOiJIUzI1NiJ9.eyJjYXRlZ29yeSI6InJlZnJlc2giLCJ1c2VyRW1haWwiOiJ3b2R1ZDY5NjdAbmF2ZXIuY29tIiwicm9sZSI6IlJPTEVfVVNFUiIsInVzZXJJZCI6MSwibmFtZSI6IuqwleyerOyYgSIsImlhdCI6MTcxODA3OTE0NiwiZXhwIjoxNzE4MTY1NTQ2fQ.CPVpYDTluyKrilzepU9zDiOpY02DUpdHVvQR7vcO9uQ','Wed Jun 12 13:12:26 KST 2024',1,0);
Insert into REFRESH_TOCKEN (TOCKEN_ID,USERNAME,REFRESH,EXPIRATION,ID,ISVALID) values (129,'wodud6967@naver.com','eyJhbGciOiJIUzI1NiJ9.eyJjYXRlZ29yeSI6InJlZnJlc2giLCJ1c2VyRW1haWwiOiJ3b2R1ZDY5NjdAbmF2ZXIuY29tIiwicm9sZSI6IlJPTEVfVVNFUiIsInVzZXJJZCI6MSwibmFtZSI6IuqwleyerOyYgSIsImlhdCI6MTcxODA3OTE2OSwiZXhwIjoxNzE4MTY1NTY5fQ.Ovl-zwPtkez2hgWGrf_KzpiJag0TkDKL_9V5gXGZB0U','Wed Jun 12 13:12:49 KST 2024',1,0);
Insert into REFRESH_TOCKEN (TOCKEN_ID,USERNAME,REFRESH,EXPIRATION,ID,ISVALID) values (150,'wodud6967@naver.com','eyJhbGciOiJIUzI1NiJ9.eyJjYXRlZ29yeSI6InJlZnJlc2giLCJ1c2VyRW1haWwiOiJ3b2R1ZDY5NjdAbmF2ZXIuY29tIiwicm9sZSI6InVzZXIxIiwidXNlcklkIjoxLCJuYW1lIjoi6rCV7J6s7JiBIiwiaWF0IjoxNzE4MTk0MTk0LCJleHAiOjE3MTgyODA1OTR9.EK9MU6rYzsS5hQWmJnhAl5g6N9IHt0gWrxZc6lCsjiE','Thu Jun 13 21:09:54 KST 2024',1,0);
REM INSERTING into REFUND
SET DEFINE OFF;
REM INSERTING into REPORT
SET DEFINE OFF;
REM INSERTING into REVIEW
SET DEFINE OFF;
Insert into REVIEW (REV_ID,ID,PRO_ID,IMG,RATING,CONTENT,CREATED) values (1,1,1,'사진없음',90,'정말 좋아요!',to_date('24/06/12','RR/MM/DD'));
Insert into REVIEW (REV_ID,ID,PRO_ID,IMG,RATING,CONTENT,CREATED) values (2,1,2,'사진없음',80,'정말 좋아요!',to_date('24/06/12','RR/MM/DD'));
Insert into REVIEW (REV_ID,ID,PRO_ID,IMG,RATING,CONTENT,CREATED) values (3,1,3,'사진없음',53,'별로인듯?',to_date('24/06/12','RR/MM/DD'));
Insert into REVIEW (REV_ID,ID,PRO_ID,IMG,RATING,CONTENT,CREATED) values (4,1,4,'사진없음',66,'먹을만함',to_date('24/06/12','RR/MM/DD'));
Insert into REVIEW (REV_ID,ID,PRO_ID,IMG,RATING,CONTENT,CREATED) values (5,1,5,'사진없음',78,'먹을만함',to_date('24/06/12','RR/MM/DD'));
Insert into REVIEW (REV_ID,ID,PRO_ID,IMG,RATING,CONTENT,CREATED) values (6,1,1,'사진없음',96,'최고예요',to_date('24/06/12','RR/MM/DD'));
Insert into REVIEW (REV_ID,ID,PRO_ID,IMG,RATING,CONTENT,CREATED) values (7,1,2,'사진없음',78,'먹을만함',to_date('24/06/12','RR/MM/DD'));
Insert into REVIEW (REV_ID,ID,PRO_ID,IMG,RATING,CONTENT,CREATED) values (8,1,1,'사진없음',94,'최고입니다 추천해요~',to_date('24/06/12','RR/MM/DD'));
Insert into REVIEW (REV_ID,ID,PRO_ID,IMG,RATING,CONTENT,CREATED) values (9,1,1,'사진없음',88,'좋아용',to_date('24/06/13','RR/MM/DD'));
Insert into REVIEW (REV_ID,ID,PRO_ID,IMG,RATING,CONTENT,CREATED) values (10,1,1,'사진없음',89,'최고입니둥',to_date('24/06/13','RR/MM/DD'));
Insert into REVIEW (REV_ID,ID,PRO_ID,IMG,RATING,CONTENT,CREATED) values (11,1,2,'사진없음',91,'건강을 생각하면 최고인듯',to_date('24/06/13','RR/MM/DD'));
REM INSERTING into STOCK
SET DEFINE OFF;
Insert into STOCK (STOCK_ID,PRO_ID,ADMIN_ID,COUNT,STATE,ADDITIONAL) values (1,3,1,100,1,to_date('24/06/12','RR/MM/DD'));
Insert into STOCK (STOCK_ID,PRO_ID,ADMIN_ID,COUNT,STATE,ADDITIONAL) values (2,4,1,100,1,to_date('24/06/12','RR/MM/DD'));
Insert into STOCK (STOCK_ID,PRO_ID,ADMIN_ID,COUNT,STATE,ADDITIONAL) values (3,5,1,100,1,to_date('24/06/12','RR/MM/DD'));
Insert into STOCK (STOCK_ID,PRO_ID,ADMIN_ID,COUNT,STATE,ADDITIONAL) values (4,6,1,100,1,to_date('24/06/12','RR/MM/DD'));
Insert into STOCK (STOCK_ID,PRO_ID,ADMIN_ID,COUNT,STATE,ADDITIONAL) values (5,7,1,100,1,to_date('24/06/12','RR/MM/DD'));
Insert into STOCK (STOCK_ID,PRO_ID,ADMIN_ID,COUNT,STATE,ADDITIONAL) values (6,8,1,100,1,to_date('24/06/12','RR/MM/DD'));
Insert into STOCK (STOCK_ID,PRO_ID,ADMIN_ID,COUNT,STATE,ADDITIONAL) values (7,9,1,100,1,to_date('24/06/12','RR/MM/DD'));
Insert into STOCK (STOCK_ID,PRO_ID,ADMIN_ID,COUNT,STATE,ADDITIONAL) values (8,10,1,100,1,to_date('24/06/12','RR/MM/DD'));
Insert into STOCK (STOCK_ID,PRO_ID,ADMIN_ID,COUNT,STATE,ADDITIONAL) values (9,3,1,-1,0,to_date('24/06/13','RR/MM/DD'));
Insert into STOCK (STOCK_ID,PRO_ID,ADMIN_ID,COUNT,STATE,ADDITIONAL) values (10,2,1,100,1,to_date('24/06/13','RR/MM/DD'));
Insert into STOCK (STOCK_ID,PRO_ID,ADMIN_ID,COUNT,STATE,ADDITIONAL) values (11,1,1,300,1,to_date('24/06/13','RR/MM/DD'));
Insert into STOCK (STOCK_ID,PRO_ID,ADMIN_ID,COUNT,STATE,ADDITIONAL) values (12,1,1,-2,0,to_date('24/06/13','RR/MM/DD'));
Insert into STOCK (STOCK_ID,PRO_ID,ADMIN_ID,COUNT,STATE,ADDITIONAL) values (13,1,1,-3,0,to_date('24/06/13','RR/MM/DD'));
Insert into STOCK (STOCK_ID,PRO_ID,ADMIN_ID,COUNT,STATE,ADDITIONAL) values (14,1,1,-7,0,to_date('24/06/13','RR/MM/DD'));
Insert into STOCK (STOCK_ID,PRO_ID,ADMIN_ID,COUNT,STATE,ADDITIONAL) values (15,2,1,-5,0,to_date('24/06/13','RR/MM/DD'));
Insert into STOCK (STOCK_ID,PRO_ID,ADMIN_ID,COUNT,STATE,ADDITIONAL) values (16,2,1,-2,0,to_date('24/06/13','RR/MM/DD'));
Insert into STOCK (STOCK_ID,PRO_ID,ADMIN_ID,COUNT,STATE,ADDITIONAL) values (17,2,1,-1,0,to_date('24/06/13','RR/MM/DD'));
Insert into STOCK (STOCK_ID,PRO_ID,ADMIN_ID,COUNT,STATE,ADDITIONAL) values (18,2,1,-1,0,to_date('24/06/13','RR/MM/DD'));
Insert into STOCK (STOCK_ID,PRO_ID,ADMIN_ID,COUNT,STATE,ADDITIONAL) values (19,2,1,-1,0,to_date('24/06/13','RR/MM/DD'));
Insert into STOCK (STOCK_ID,PRO_ID,ADMIN_ID,COUNT,STATE,ADDITIONAL) values (20,2,1,-1,0,to_date('24/06/13','RR/MM/DD'));
Insert into STOCK (STOCK_ID,PRO_ID,ADMIN_ID,COUNT,STATE,ADDITIONAL) values (21,2,1,-1,0,to_date('24/06/13','RR/MM/DD'));
Insert into STOCK (STOCK_ID,PRO_ID,ADMIN_ID,COUNT,STATE,ADDITIONAL) values (22,2,1,-4,0,to_date('24/06/13','RR/MM/DD'));
Insert into STOCK (STOCK_ID,PRO_ID,ADMIN_ID,COUNT,STATE,ADDITIONAL) values (23,3,1,-4,0,to_date('24/06/13','RR/MM/DD'));
Insert into STOCK (STOCK_ID,PRO_ID,ADMIN_ID,COUNT,STATE,ADDITIONAL) values (24,4,1,-1,0,to_date('24/06/13','RR/MM/DD'));
Insert into STOCK (STOCK_ID,PRO_ID,ADMIN_ID,COUNT,STATE,ADDITIONAL) values (25,4,1,-1,0,to_date('24/06/13','RR/MM/DD'));
Insert into STOCK (STOCK_ID,PRO_ID,ADMIN_ID,COUNT,STATE,ADDITIONAL) values (26,4,1,-1,0,to_date('24/06/13','RR/MM/DD'));
Insert into STOCK (STOCK_ID,PRO_ID,ADMIN_ID,COUNT,STATE,ADDITIONAL) values (27,4,1,-1,0,to_date('24/06/13','RR/MM/DD'));
Insert into STOCK (STOCK_ID,PRO_ID,ADMIN_ID,COUNT,STATE,ADDITIONAL) values (28,4,1,-7,0,to_date('24/06/13','RR/MM/DD'));
Insert into STOCK (STOCK_ID,PRO_ID,ADMIN_ID,COUNT,STATE,ADDITIONAL) values (29,5,1,-2,0,to_date('24/06/13','RR/MM/DD'));
Insert into STOCK (STOCK_ID,PRO_ID,ADMIN_ID,COUNT,STATE,ADDITIONAL) values (30,5,1,-1,0,to_date('24/06/13','RR/MM/DD'));
Insert into STOCK (STOCK_ID,PRO_ID,ADMIN_ID,COUNT,STATE,ADDITIONAL) values (31,5,1,-1,0,to_date('24/06/13','RR/MM/DD'));
Insert into STOCK (STOCK_ID,PRO_ID,ADMIN_ID,COUNT,STATE,ADDITIONAL) values (32,6,1,-1,0,to_date('24/06/13','RR/MM/DD'));
Insert into STOCK (STOCK_ID,PRO_ID,ADMIN_ID,COUNT,STATE,ADDITIONAL) values (33,6,1,-7,0,to_date('24/06/13','RR/MM/DD'));
Insert into STOCK (STOCK_ID,PRO_ID,ADMIN_ID,COUNT,STATE,ADDITIONAL) values (34,6,1,-9,0,to_date('24/06/13','RR/MM/DD'));
Insert into STOCK (STOCK_ID,PRO_ID,ADMIN_ID,COUNT,STATE,ADDITIONAL) values (35,6,1,-5,0,to_date('24/06/13','RR/MM/DD'));
Insert into STOCK (STOCK_ID,PRO_ID,ADMIN_ID,COUNT,STATE,ADDITIONAL) values (36,7,1,-3,0,to_date('24/06/13','RR/MM/DD'));
Insert into STOCK (STOCK_ID,PRO_ID,ADMIN_ID,COUNT,STATE,ADDITIONAL) values (37,7,1,-3,0,to_date('24/06/13','RR/MM/DD'));
Insert into STOCK (STOCK_ID,PRO_ID,ADMIN_ID,COUNT,STATE,ADDITIONAL) values (38,7,1,-2,0,to_date('24/06/13','RR/MM/DD'));
Insert into STOCK (STOCK_ID,PRO_ID,ADMIN_ID,COUNT,STATE,ADDITIONAL) values (39,8,1,-2,0,to_date('24/06/13','RR/MM/DD'));
Insert into STOCK (STOCK_ID,PRO_ID,ADMIN_ID,COUNT,STATE,ADDITIONAL) values (40,8,1,-2,0,to_date('24/06/13','RR/MM/DD'));
Insert into STOCK (STOCK_ID,PRO_ID,ADMIN_ID,COUNT,STATE,ADDITIONAL) values (41,9,1,-2,0,to_date('24/06/13','RR/MM/DD'));
Insert into STOCK (STOCK_ID,PRO_ID,ADMIN_ID,COUNT,STATE,ADDITIONAL) values (42,9,1,-2,0,to_date('24/06/13','RR/MM/DD'));
Insert into STOCK (STOCK_ID,PRO_ID,ADMIN_ID,COUNT,STATE,ADDITIONAL) values (43,9,1,-1,0,to_date('24/06/13','RR/MM/DD'));
Insert into STOCK (STOCK_ID,PRO_ID,ADMIN_ID,COUNT,STATE,ADDITIONAL) values (44,10,1,-1,0,to_date('24/06/13','RR/MM/DD'));
Insert into STOCK (STOCK_ID,PRO_ID,ADMIN_ID,COUNT,STATE,ADDITIONAL) values (45,1,1,-1,0,to_date('24/06/13','RR/MM/DD'));
Insert into STOCK (STOCK_ID,PRO_ID,ADMIN_ID,COUNT,STATE,ADDITIONAL) values (46,1,1,-1,0,to_date('24/06/13','RR/MM/DD'));
Insert into STOCK (STOCK_ID,PRO_ID,ADMIN_ID,COUNT,STATE,ADDITIONAL) values (47,1,1,-1,0,to_date('24/06/13','RR/MM/DD'));
Insert into STOCK (STOCK_ID,PRO_ID,ADMIN_ID,COUNT,STATE,ADDITIONAL) values (48,2,1,-1,0,to_date('24/06/13','RR/MM/DD'));
Insert into STOCK (STOCK_ID,PRO_ID,ADMIN_ID,COUNT,STATE,ADDITIONAL) values (49,2,1,-1,0,to_date('24/06/13','RR/MM/DD'));
REM INSERTING into USERS
SET DEFINE OFF;
Insert into USERS (ID,EMAIL,NAME,PASSWORD,SEX,BIRTH,ROLE,OAUTH_PROVIDER,OAUTH_EMAIL,OAUTH_NAME) values (1,'wodud6967@naver.com','강재영','1234','M',null,'user1','naver','wodud6967@naver.com','naver VOtFDr_KJJVkECm6FWO-Pq9Ml9IYKjd9lhOvilNsbYU');
--------------------------------------------------------
--  DDL for Index SYS_C009085
--------------------------------------------------------

  CREATE UNIQUE INDEX "SYS_C009085" ON "REFRESH_TOCKEN" ("TOCKEN_ID") 
  PCTFREE 10 INITRANS 2 MAXTRANS 255 
  STORAGE(INITIAL 65536 NEXT 1048576 MINEXTENTS 1 MAXEXTENTS 2147483645
  PCTINCREASE 0 FREELISTS 1 FREELIST GROUPS 1
  BUFFER_POOL DEFAULT FLASH_CACHE DEFAULT CELL_FLASH_CACHE DEFAULT)
  TABLESPACE "USERS" ;
--------------------------------------------------------
--  DDL for Index SYS_C009106
--------------------------------------------------------

  CREATE UNIQUE INDEX "SYS_C009106" ON "USERS" ("ID") 
  PCTFREE 10 INITRANS 2 MAXTRANS 255 
  STORAGE(INITIAL 65536 NEXT 1048576 MINEXTENTS 1 MAXEXTENTS 2147483645
  PCTINCREASE 0 FREELISTS 1 FREELIST GROUPS 1
  BUFFER_POOL DEFAULT FLASH_CACHE DEFAULT CELL_FLASH_CACHE DEFAULT)
  TABLESPACE "USERS" ;
--------------------------------------------------------
--  DDL for Index SYS_C009107
--------------------------------------------------------

  CREATE UNIQUE INDEX "SYS_C009107" ON "USERS" ("EMAIL") 
  PCTFREE 10 INITRANS 2 MAXTRANS 255 
  STORAGE(INITIAL 65536 NEXT 1048576 MINEXTENTS 1 MAXEXTENTS 2147483645
  PCTINCREASE 0 FREELISTS 1 FREELIST GROUPS 1
  BUFFER_POOL DEFAULT FLASH_CACHE DEFAULT CELL_FLASH_CACHE DEFAULT)
  TABLESPACE "USERS" ;
--------------------------------------------------------
--  DDL for Index SYS_C009108
--------------------------------------------------------

  CREATE UNIQUE INDEX "SYS_C009108" ON "ADMIN" ("ADMIN_ID") 
  PCTFREE 10 INITRANS 2 MAXTRANS 255 
  STORAGE(INITIAL 65536 NEXT 1048576 MINEXTENTS 1 MAXEXTENTS 2147483645
  PCTINCREASE 0 FREELISTS 1 FREELIST GROUPS 1
  BUFFER_POOL DEFAULT FLASH_CACHE DEFAULT CELL_FLASH_CACHE DEFAULT)
  TABLESPACE "USERS" ;
--------------------------------------------------------
--  DDL for Index SYS_C009115
--------------------------------------------------------

  CREATE UNIQUE INDEX "SYS_C009115" ON "DELIVERY" ("ADDRESS_ID") 
  PCTFREE 10 INITRANS 2 MAXTRANS 255 
  STORAGE(INITIAL 65536 NEXT 1048576 MINEXTENTS 1 MAXEXTENTS 2147483645
  PCTINCREASE 0 FREELISTS 1 FREELIST GROUPS 1
  BUFFER_POOL DEFAULT FLASH_CACHE DEFAULT CELL_FLASH_CACHE DEFAULT)
  TABLESPACE "USERS" ;
--------------------------------------------------------
--  DDL for Index SYS_C009117
--------------------------------------------------------

  CREATE UNIQUE INDEX "SYS_C009117" ON "INGREDIENT" ("ING_ID") 
  PCTFREE 10 INITRANS 2 MAXTRANS 255 
  STORAGE(INITIAL 65536 NEXT 1048576 MINEXTENTS 1 MAXEXTENTS 2147483645
  PCTINCREASE 0 FREELISTS 1 FREELIST GROUPS 1
  BUFFER_POOL DEFAULT FLASH_CACHE DEFAULT CELL_FLASH_CACHE DEFAULT)
  TABLESPACE "USERS" ;
--------------------------------------------------------
--  DDL for Index SYS_C009118
--------------------------------------------------------

  CREATE UNIQUE INDEX "SYS_C009118" ON "INGREDIENT" ("NAME") 
  PCTFREE 10 INITRANS 2 MAXTRANS 255 
  STORAGE(INITIAL 65536 NEXT 1048576 MINEXTENTS 1 MAXEXTENTS 2147483645
  PCTINCREASE 0 FREELISTS 1 FREELIST GROUPS 1
  BUFFER_POOL DEFAULT FLASH_CACHE DEFAULT CELL_FLASH_CACHE DEFAULT)
  TABLESPACE "USERS" ;
--------------------------------------------------------
--  DDL for Index SYS_C009119
--------------------------------------------------------

  CREATE UNIQUE INDEX "SYS_C009119" ON "FORM" ("FORM_ID") 
  PCTFREE 10 INITRANS 2 MAXTRANS 255 
  STORAGE(INITIAL 65536 NEXT 1048576 MINEXTENTS 1 MAXEXTENTS 2147483645
  PCTINCREASE 0 FREELISTS 1 FREELIST GROUPS 1
  BUFFER_POOL DEFAULT FLASH_CACHE DEFAULT CELL_FLASH_CACHE DEFAULT)
  TABLESPACE "USERS" ;
--------------------------------------------------------
--  DDL for Index SYS_C009120
--------------------------------------------------------

  CREATE UNIQUE INDEX "SYS_C009120" ON "FORM" ("TYPE") 
  PCTFREE 10 INITRANS 2 MAXTRANS 255 
  STORAGE(INITIAL 65536 NEXT 1048576 MINEXTENTS 1 MAXEXTENTS 2147483645
  PCTINCREASE 0 FREELISTS 1 FREELIST GROUPS 1
  BUFFER_POOL DEFAULT FLASH_CACHE DEFAULT CELL_FLASH_CACHE DEFAULT)
  TABLESPACE "USERS" ;
--------------------------------------------------------
--  DDL for Index SYS_C009126
--------------------------------------------------------

  CREATE UNIQUE INDEX "SYS_C009126" ON "MAKE" ("MAKE_ID") 
  PCTFREE 10 INITRANS 2 MAXTRANS 255 
  STORAGE(INITIAL 65536 NEXT 1048576 MINEXTENTS 1 MAXEXTENTS 2147483645
  PCTINCREASE 0 FREELISTS 1 FREELIST GROUPS 1
  BUFFER_POOL DEFAULT FLASH_CACHE DEFAULT CELL_FLASH_CACHE DEFAULT)
  TABLESPACE "USERS" ;
--------------------------------------------------------
--  DDL for Index SYS_C009131
--------------------------------------------------------

  CREATE UNIQUE INDEX "SYS_C009131" ON "PRODUCT" ("PRO_ID") 
  PCTFREE 10 INITRANS 2 MAXTRANS 255 
  STORAGE(INITIAL 65536 NEXT 1048576 MINEXTENTS 1 MAXEXTENTS 2147483645
  PCTINCREASE 0 FREELISTS 1 FREELIST GROUPS 1
  BUFFER_POOL DEFAULT FLASH_CACHE DEFAULT CELL_FLASH_CACHE DEFAULT)
  TABLESPACE "USERS" ;
--------------------------------------------------------
--  DDL for Index SYS_C009136
--------------------------------------------------------

  CREATE UNIQUE INDEX "SYS_C009136" ON "IMGS" ("IMG_ID") 
  PCTFREE 10 INITRANS 2 MAXTRANS 255 
  STORAGE(INITIAL 65536 NEXT 1048576 MINEXTENTS 1 MAXEXTENTS 2147483645
  PCTINCREASE 0 FREELISTS 1 FREELIST GROUPS 1
  BUFFER_POOL DEFAULT FLASH_CACHE DEFAULT CELL_FLASH_CACHE DEFAULT)
  TABLESPACE "USERS" ;
--------------------------------------------------------
--  DDL for Index SYS_C009139
--------------------------------------------------------

  CREATE UNIQUE INDEX "SYS_C009139" ON "NUTRIENT" ("NUT_ID") 
  PCTFREE 10 INITRANS 2 MAXTRANS 255 
  STORAGE(INITIAL 65536 NEXT 1048576 MINEXTENTS 1 MAXEXTENTS 2147483645
  PCTINCREASE 0 FREELISTS 1 FREELIST GROUPS 1
  BUFFER_POOL DEFAULT FLASH_CACHE DEFAULT CELL_FLASH_CACHE DEFAULT)
  TABLESPACE "USERS" ;
--------------------------------------------------------
--  DDL for Index SYS_C009144
--------------------------------------------------------

  CREATE UNIQUE INDEX "SYS_C009144" ON "STOCK" ("STOCK_ID") 
  PCTFREE 10 INITRANS 2 MAXTRANS 255 
  STORAGE(INITIAL 65536 NEXT 1048576 MINEXTENTS 1 MAXEXTENTS 2147483645
  PCTINCREASE 0 FREELISTS 1 FREELIST GROUPS 1
  BUFFER_POOL DEFAULT FLASH_CACHE DEFAULT CELL_FLASH_CACHE DEFAULT)
  TABLESPACE "USERS" ;
--------------------------------------------------------
--  DDL for Index SYS_C009149
--------------------------------------------------------

  CREATE UNIQUE INDEX "SYS_C009149" ON "ORDERS" ("ORDER_ID") 
  PCTFREE 10 INITRANS 2 MAXTRANS 255 
  TABLESPACE "USERS" ;
--------------------------------------------------------
--  DDL for Index SYS_C009150
--------------------------------------------------------

  CREATE UNIQUE INDEX "SYS_C009150" ON "ORDERS" ("IDENTITY") 
  PCTFREE 10 INITRANS 2 MAXTRANS 255 
  TABLESPACE "USERS" ;
--------------------------------------------------------
--  DDL for Index SYS_C009155
--------------------------------------------------------

  CREATE UNIQUE INDEX "SYS_C009155" ON "PAY" ("PAY_ID") 
  PCTFREE 10 INITRANS 2 MAXTRANS 255 
  TABLESPACE "USERS" ;
--------------------------------------------------------
--  DDL for Index SYS_C009160
--------------------------------------------------------

  CREATE UNIQUE INDEX "SYS_C009160" ON "REFUND" ("REFUND_ID") 
  PCTFREE 10 INITRANS 2 MAXTRANS 255 
  TABLESPACE "USERS" ;
--------------------------------------------------------
--  DDL for Index SYS_C009163
--------------------------------------------------------

  CREATE UNIQUE INDEX "SYS_C009163" ON "REVIEW" ("REV_ID") 
  PCTFREE 10 INITRANS 2 MAXTRANS 255 
  STORAGE(INITIAL 65536 NEXT 1048576 MINEXTENTS 1 MAXEXTENTS 2147483645
  PCTINCREASE 0 FREELISTS 1 FREELIST GROUPS 1
  BUFFER_POOL DEFAULT FLASH_CACHE DEFAULT CELL_FLASH_CACHE DEFAULT)
  TABLESPACE "USERS" ;
--------------------------------------------------------
--  DDL for Index SYS_C009166
--------------------------------------------------------

  CREATE UNIQUE INDEX "SYS_C009166" ON "BOOKMARK" ("BOOK_ID") 
  PCTFREE 10 INITRANS 2 MAXTRANS 255 
  TABLESPACE "USERS" ;
--------------------------------------------------------
--  DDL for Index SYS_C009173
--------------------------------------------------------

  CREATE UNIQUE INDEX "SYS_C009173" ON "BASKET" ("BASKET_ID") 
  PCTFREE 10 INITRANS 2 MAXTRANS 255 
  TABLESPACE "USERS" ;
--------------------------------------------------------
--  DDL for Index SYS_C009176
--------------------------------------------------------

  CREATE UNIQUE INDEX "SYS_C009176" ON "PTYPE" ("PTYPE_ID") 
  PCTFREE 10 INITRANS 2 MAXTRANS 255 
  TABLESPACE "USERS" ;
--------------------------------------------------------
--  DDL for Index SYS_C009177
--------------------------------------------------------

  CREATE UNIQUE INDEX "SYS_C009177" ON "PTYPE" ("TYPE") 
  PCTFREE 10 INITRANS 2 MAXTRANS 255 
  TABLESPACE "USERS" ;
--------------------------------------------------------
--  DDL for Index SYS_C009180
--------------------------------------------------------

  CREATE UNIQUE INDEX "SYS_C009180" ON "POST" ("POST_ID") 
  PCTFREE 10 INITRANS 2 MAXTRANS 255 
  TABLESPACE "USERS" ;
--------------------------------------------------------
--  DDL for Index SYS_C009184
--------------------------------------------------------

  CREATE UNIQUE INDEX "SYS_C009184" ON "COMMENTS" ("COMME_ID") 
  PCTFREE 10 INITRANS 2 MAXTRANS 255 
  TABLESPACE "USERS" ;
--------------------------------------------------------
--  DDL for Index SYS_C009188
--------------------------------------------------------

  CREATE UNIQUE INDEX "SYS_C009188" ON "INQUIRY" ("INQUIRY_ID") 
  PCTFREE 10 INITRANS 2 MAXTRANS 255 
  TABLESPACE "USERS" ;
--------------------------------------------------------
--  DDL for Index SYS_C009191
--------------------------------------------------------

  CREATE UNIQUE INDEX "SYS_C009191" ON "ANSWER" ("ANSWER_ID") 
  PCTFREE 10 INITRANS 2 MAXTRANS 255 
  TABLESPACE "USERS" ;
--------------------------------------------------------
--  DDL for Index SYS_C009195
--------------------------------------------------------

  CREATE UNIQUE INDEX "SYS_C009195" ON "REPORT" ("REPORT_ID") 
  PCTFREE 10 INITRANS 2 MAXTRANS 255 
  TABLESPACE "USERS" ;
--------------------------------------------------------
--  DDL for Index SYS_C009199
--------------------------------------------------------

  CREATE UNIQUE INDEX "SYS_C009199" ON "BEN" ("BEN_ID") 
  PCTFREE 10 INITRANS 2 MAXTRANS 255 
  TABLESPACE "USERS" ;
--------------------------------------------------------
--  DDL for Index SYS_C009108
--------------------------------------------------------

  CREATE UNIQUE INDEX "SYS_C009108" ON "ADMIN" ("ADMIN_ID") 
  PCTFREE 10 INITRANS 2 MAXTRANS 255 
  STORAGE(INITIAL 65536 NEXT 1048576 MINEXTENTS 1 MAXEXTENTS 2147483645
  PCTINCREASE 0 FREELISTS 1 FREELIST GROUPS 1
  BUFFER_POOL DEFAULT FLASH_CACHE DEFAULT CELL_FLASH_CACHE DEFAULT)
  TABLESPACE "USERS" ;
--------------------------------------------------------
--  DDL for Index SYS_C009191
--------------------------------------------------------

  CREATE UNIQUE INDEX "SYS_C009191" ON "ANSWER" ("ANSWER_ID") 
  PCTFREE 10 INITRANS 2 MAXTRANS 255 
  TABLESPACE "USERS" ;
--------------------------------------------------------
--  DDL for Index SYS_C009173
--------------------------------------------------------

  CREATE UNIQUE INDEX "SYS_C009173" ON "BASKET" ("BASKET_ID") 
  PCTFREE 10 INITRANS 2 MAXTRANS 255 
  TABLESPACE "USERS" ;
--------------------------------------------------------
--  DDL for Index SYS_C009199
--------------------------------------------------------

  CREATE UNIQUE INDEX "SYS_C009199" ON "BEN" ("BEN_ID") 
  PCTFREE 10 INITRANS 2 MAXTRANS 255 
  TABLESPACE "USERS" ;
--------------------------------------------------------
--  DDL for Index SYS_C009166
--------------------------------------------------------

  CREATE UNIQUE INDEX "SYS_C009166" ON "BOOKMARK" ("BOOK_ID") 
  PCTFREE 10 INITRANS 2 MAXTRANS 255 
  TABLESPACE "USERS" ;
--------------------------------------------------------
--  DDL for Index SYS_C009184
--------------------------------------------------------

  CREATE UNIQUE INDEX "SYS_C009184" ON "COMMENTS" ("COMME_ID") 
  PCTFREE 10 INITRANS 2 MAXTRANS 255 
  TABLESPACE "USERS" ;
--------------------------------------------------------
--  DDL for Index SYS_C009115
--------------------------------------------------------

  CREATE UNIQUE INDEX "SYS_C009115" ON "DELIVERY" ("ADDRESS_ID") 
  PCTFREE 10 INITRANS 2 MAXTRANS 255 
  STORAGE(INITIAL 65536 NEXT 1048576 MINEXTENTS 1 MAXEXTENTS 2147483645
  PCTINCREASE 0 FREELISTS 1 FREELIST GROUPS 1
  BUFFER_POOL DEFAULT FLASH_CACHE DEFAULT CELL_FLASH_CACHE DEFAULT)
  TABLESPACE "USERS" ;
--------------------------------------------------------
--  DDL for Index SYS_C009119
--------------------------------------------------------

  CREATE UNIQUE INDEX "SYS_C009119" ON "FORM" ("FORM_ID") 
  PCTFREE 10 INITRANS 2 MAXTRANS 255 
  STORAGE(INITIAL 65536 NEXT 1048576 MINEXTENTS 1 MAXEXTENTS 2147483645
  PCTINCREASE 0 FREELISTS 1 FREELIST GROUPS 1
  BUFFER_POOL DEFAULT FLASH_CACHE DEFAULT CELL_FLASH_CACHE DEFAULT)
  TABLESPACE "USERS" ;
--------------------------------------------------------
--  DDL for Index SYS_C009120
--------------------------------------------------------

  CREATE UNIQUE INDEX "SYS_C009120" ON "FORM" ("TYPE") 
  PCTFREE 10 INITRANS 2 MAXTRANS 255 
  STORAGE(INITIAL 65536 NEXT 1048576 MINEXTENTS 1 MAXEXTENTS 2147483645
  PCTINCREASE 0 FREELISTS 1 FREELIST GROUPS 1
  BUFFER_POOL DEFAULT FLASH_CACHE DEFAULT CELL_FLASH_CACHE DEFAULT)
  TABLESPACE "USERS" ;
--------------------------------------------------------
--  DDL for Index SYS_C009136
--------------------------------------------------------

  CREATE UNIQUE INDEX "SYS_C009136" ON "IMGS" ("IMG_ID") 
  PCTFREE 10 INITRANS 2 MAXTRANS 255 
  STORAGE(INITIAL 65536 NEXT 1048576 MINEXTENTS 1 MAXEXTENTS 2147483645
  PCTINCREASE 0 FREELISTS 1 FREELIST GROUPS 1
  BUFFER_POOL DEFAULT FLASH_CACHE DEFAULT CELL_FLASH_CACHE DEFAULT)
  TABLESPACE "USERS" ;
--------------------------------------------------------
--  DDL for Index SYS_C009117
--------------------------------------------------------

  CREATE UNIQUE INDEX "SYS_C009117" ON "INGREDIENT" ("ING_ID") 
  PCTFREE 10 INITRANS 2 MAXTRANS 255 
  STORAGE(INITIAL 65536 NEXT 1048576 MINEXTENTS 1 MAXEXTENTS 2147483645
  PCTINCREASE 0 FREELISTS 1 FREELIST GROUPS 1
  BUFFER_POOL DEFAULT FLASH_CACHE DEFAULT CELL_FLASH_CACHE DEFAULT)
  TABLESPACE "USERS" ;
--------------------------------------------------------
--  DDL for Index SYS_C009118
--------------------------------------------------------

  CREATE UNIQUE INDEX "SYS_C009118" ON "INGREDIENT" ("NAME") 
  PCTFREE 10 INITRANS 2 MAXTRANS 255 
  STORAGE(INITIAL 65536 NEXT 1048576 MINEXTENTS 1 MAXEXTENTS 2147483645
  PCTINCREASE 0 FREELISTS 1 FREELIST GROUPS 1
  BUFFER_POOL DEFAULT FLASH_CACHE DEFAULT CELL_FLASH_CACHE DEFAULT)
  TABLESPACE "USERS" ;
--------------------------------------------------------
--  DDL for Index SYS_C009188
--------------------------------------------------------

  CREATE UNIQUE INDEX "SYS_C009188" ON "INQUIRY" ("INQUIRY_ID") 
  PCTFREE 10 INITRANS 2 MAXTRANS 255 
  TABLESPACE "USERS" ;
--------------------------------------------------------
--  DDL for Index SYS_C009126
--------------------------------------------------------

  CREATE UNIQUE INDEX "SYS_C009126" ON "MAKE" ("MAKE_ID") 
  PCTFREE 10 INITRANS 2 MAXTRANS 255 
  STORAGE(INITIAL 65536 NEXT 1048576 MINEXTENTS 1 MAXEXTENTS 2147483645
  PCTINCREASE 0 FREELISTS 1 FREELIST GROUPS 1
  BUFFER_POOL DEFAULT FLASH_CACHE DEFAULT CELL_FLASH_CACHE DEFAULT)
  TABLESPACE "USERS" ;
--------------------------------------------------------
--  DDL for Index SYS_C009139
--------------------------------------------------------

  CREATE UNIQUE INDEX "SYS_C009139" ON "NUTRIENT" ("NUT_ID") 
  PCTFREE 10 INITRANS 2 MAXTRANS 255 
  STORAGE(INITIAL 65536 NEXT 1048576 MINEXTENTS 1 MAXEXTENTS 2147483645
  PCTINCREASE 0 FREELISTS 1 FREELIST GROUPS 1
  BUFFER_POOL DEFAULT FLASH_CACHE DEFAULT CELL_FLASH_CACHE DEFAULT)
  TABLESPACE "USERS" ;
--------------------------------------------------------
--  DDL for Index SYS_C009149
--------------------------------------------------------

  CREATE UNIQUE INDEX "SYS_C009149" ON "ORDERS" ("ORDER_ID") 
  PCTFREE 10 INITRANS 2 MAXTRANS 255 
  TABLESPACE "USERS" ;
--------------------------------------------------------
--  DDL for Index SYS_C009150
--------------------------------------------------------

  CREATE UNIQUE INDEX "SYS_C009150" ON "ORDERS" ("IDENTITY") 
  PCTFREE 10 INITRANS 2 MAXTRANS 255 
  TABLESPACE "USERS" ;
--------------------------------------------------------
--  DDL for Index SYS_C009155
--------------------------------------------------------

  CREATE UNIQUE INDEX "SYS_C009155" ON "PAY" ("PAY_ID") 
  PCTFREE 10 INITRANS 2 MAXTRANS 255 
  TABLESPACE "USERS" ;
--------------------------------------------------------
--  DDL for Index SYS_C009180
--------------------------------------------------------

  CREATE UNIQUE INDEX "SYS_C009180" ON "POST" ("POST_ID") 
  PCTFREE 10 INITRANS 2 MAXTRANS 255 
  TABLESPACE "USERS" ;
--------------------------------------------------------
--  DDL for Index SYS_C009131
--------------------------------------------------------

  CREATE UNIQUE INDEX "SYS_C009131" ON "PRODUCT" ("PRO_ID") 
  PCTFREE 10 INITRANS 2 MAXTRANS 255 
  STORAGE(INITIAL 65536 NEXT 1048576 MINEXTENTS 1 MAXEXTENTS 2147483645
  PCTINCREASE 0 FREELISTS 1 FREELIST GROUPS 1
  BUFFER_POOL DEFAULT FLASH_CACHE DEFAULT CELL_FLASH_CACHE DEFAULT)
  TABLESPACE "USERS" ;
--------------------------------------------------------
--  DDL for Index SYS_C009176
--------------------------------------------------------

  CREATE UNIQUE INDEX "SYS_C009176" ON "PTYPE" ("PTYPE_ID") 
  PCTFREE 10 INITRANS 2 MAXTRANS 255 
  TABLESPACE "USERS" ;
--------------------------------------------------------
--  DDL for Index SYS_C009177
--------------------------------------------------------

  CREATE UNIQUE INDEX "SYS_C009177" ON "PTYPE" ("TYPE") 
  PCTFREE 10 INITRANS 2 MAXTRANS 255 
  TABLESPACE "USERS" ;
--------------------------------------------------------
--  DDL for Index SYS_C009085
--------------------------------------------------------

  CREATE UNIQUE INDEX "SYS_C009085" ON "REFRESH_TOCKEN" ("TOCKEN_ID") 
  PCTFREE 10 INITRANS 2 MAXTRANS 255 
  STORAGE(INITIAL 65536 NEXT 1048576 MINEXTENTS 1 MAXEXTENTS 2147483645
  PCTINCREASE 0 FREELISTS 1 FREELIST GROUPS 1
  BUFFER_POOL DEFAULT FLASH_CACHE DEFAULT CELL_FLASH_CACHE DEFAULT)
  TABLESPACE "USERS" ;
--------------------------------------------------------
--  DDL for Index SYS_C009160
--------------------------------------------------------

  CREATE UNIQUE INDEX "SYS_C009160" ON "REFUND" ("REFUND_ID") 
  PCTFREE 10 INITRANS 2 MAXTRANS 255 
  TABLESPACE "USERS" ;
--------------------------------------------------------
--  DDL for Index SYS_C009195
--------------------------------------------------------

  CREATE UNIQUE INDEX "SYS_C009195" ON "REPORT" ("REPORT_ID") 
  PCTFREE 10 INITRANS 2 MAXTRANS 255 
  TABLESPACE "USERS" ;
--------------------------------------------------------
--  DDL for Index SYS_C009163
--------------------------------------------------------

  CREATE UNIQUE INDEX "SYS_C009163" ON "REVIEW" ("REV_ID") 
  PCTFREE 10 INITRANS 2 MAXTRANS 255 
  STORAGE(INITIAL 65536 NEXT 1048576 MINEXTENTS 1 MAXEXTENTS 2147483645
  PCTINCREASE 0 FREELISTS 1 FREELIST GROUPS 1
  BUFFER_POOL DEFAULT FLASH_CACHE DEFAULT CELL_FLASH_CACHE DEFAULT)
  TABLESPACE "USERS" ;
--------------------------------------------------------
--  DDL for Index SYS_C009144
--------------------------------------------------------

  CREATE UNIQUE INDEX "SYS_C009144" ON "STOCK" ("STOCK_ID") 
  PCTFREE 10 INITRANS 2 MAXTRANS 255 
  STORAGE(INITIAL 65536 NEXT 1048576 MINEXTENTS 1 MAXEXTENTS 2147483645
  PCTINCREASE 0 FREELISTS 1 FREELIST GROUPS 1
  BUFFER_POOL DEFAULT FLASH_CACHE DEFAULT CELL_FLASH_CACHE DEFAULT)
  TABLESPACE "USERS" ;
--------------------------------------------------------
--  DDL for Index SYS_C009106
--------------------------------------------------------

  CREATE UNIQUE INDEX "SYS_C009106" ON "USERS" ("ID") 
  PCTFREE 10 INITRANS 2 MAXTRANS 255 
  STORAGE(INITIAL 65536 NEXT 1048576 MINEXTENTS 1 MAXEXTENTS 2147483645
  PCTINCREASE 0 FREELISTS 1 FREELIST GROUPS 1
  BUFFER_POOL DEFAULT FLASH_CACHE DEFAULT CELL_FLASH_CACHE DEFAULT)
  TABLESPACE "USERS" ;
--------------------------------------------------------
--  DDL for Index SYS_C009107
--------------------------------------------------------

  CREATE UNIQUE INDEX "SYS_C009107" ON "USERS" ("EMAIL") 
  PCTFREE 10 INITRANS 2 MAXTRANS 255 
  STORAGE(INITIAL 65536 NEXT 1048576 MINEXTENTS 1 MAXEXTENTS 2147483645
  PCTINCREASE 0 FREELISTS 1 FREELIST GROUPS 1
  BUFFER_POOL DEFAULT FLASH_CACHE DEFAULT CELL_FLASH_CACHE DEFAULT)
  TABLESPACE "USERS" ;
--------------------------------------------------------
--  Constraints for Table ADMIN
--------------------------------------------------------

  ALTER TABLE "ADMIN" ADD PRIMARY KEY ("ADMIN_ID")
  USING INDEX PCTFREE 10 INITRANS 2 MAXTRANS 255 
  STORAGE(INITIAL 65536 NEXT 1048576 MINEXTENTS 1 MAXEXTENTS 2147483645
  PCTINCREASE 0 FREELISTS 1 FREELIST GROUPS 1
  BUFFER_POOL DEFAULT FLASH_CACHE DEFAULT CELL_FLASH_CACHE DEFAULT)
  TABLESPACE "USERS"  ENABLE;
--------------------------------------------------------
--  Constraints for Table ANSWER
--------------------------------------------------------

  ALTER TABLE "ANSWER" MODIFY ("CONTENT" NOT NULL ENABLE);
  ALTER TABLE "ANSWER" ADD PRIMARY KEY ("ANSWER_ID")
  USING INDEX PCTFREE 10 INITRANS 2 MAXTRANS 255 
  TABLESPACE "USERS"  ENABLE;
--------------------------------------------------------
--  Constraints for Table BASKET
--------------------------------------------------------

  ALTER TABLE "BASKET" MODIFY ("COUNT" NOT NULL ENABLE);
  ALTER TABLE "BASKET" MODIFY ("STATE" NOT NULL ENABLE);
  ALTER TABLE "BASKET" MODIFY ("PRICE" NOT NULL ENABLE);
  ALTER TABLE "BASKET" MODIFY ("DELIVERY_CHARGE" NOT NULL ENABLE);
  ALTER TABLE "BASKET" ADD PRIMARY KEY ("BASKET_ID")
  USING INDEX PCTFREE 10 INITRANS 2 MAXTRANS 255 
  TABLESPACE "USERS"  ENABLE;
--------------------------------------------------------
--  Constraints for Table BEN
--------------------------------------------------------

  ALTER TABLE "BEN" MODIFY ("REASON" NOT NULL ENABLE);
  ALTER TABLE "BEN" ADD PRIMARY KEY ("BEN_ID")
  USING INDEX PCTFREE 10 INITRANS 2 MAXTRANS 255 
  TABLESPACE "USERS"  ENABLE;
--------------------------------------------------------
--  Constraints for Table BOOKMARK
--------------------------------------------------------

  ALTER TABLE "BOOKMARK" ADD PRIMARY KEY ("BOOK_ID")
  USING INDEX PCTFREE 10 INITRANS 2 MAXTRANS 255 
  TABLESPACE "USERS"  ENABLE;
--------------------------------------------------------
--  Constraints for Table COMMENTS
--------------------------------------------------------

  ALTER TABLE "COMMENTS" MODIFY ("CONTENT" NOT NULL ENABLE);
  ALTER TABLE "COMMENTS" ADD PRIMARY KEY ("COMME_ID")
  USING INDEX PCTFREE 10 INITRANS 2 MAXTRANS 255 
  TABLESPACE "USERS"  ENABLE;
--------------------------------------------------------
--  Constraints for Table DELIVERY
--------------------------------------------------------

  ALTER TABLE "DELIVERY" MODIFY ("NAME" NOT NULL ENABLE);
  ALTER TABLE "DELIVERY" MODIFY ("RECIPENT" NOT NULL ENABLE);
  ALTER TABLE "DELIVERY" MODIFY ("TEL" NOT NULL ENABLE);
  ALTER TABLE "DELIVERY" MODIFY ("ZIPCODE" NOT NULL ENABLE);
  ALTER TABLE "DELIVERY" MODIFY ("ADDRESS" NOT NULL ENABLE);
  ALTER TABLE "DELIVERY" MODIFY ("ADDRESSDETAIL" NOT NULL ENABLE);
  ALTER TABLE "DELIVERY" ADD PRIMARY KEY ("ADDRESS_ID")
  USING INDEX PCTFREE 10 INITRANS 2 MAXTRANS 255 
  STORAGE(INITIAL 65536 NEXT 1048576 MINEXTENTS 1 MAXEXTENTS 2147483645
  PCTINCREASE 0 FREELISTS 1 FREELIST GROUPS 1
  BUFFER_POOL DEFAULT FLASH_CACHE DEFAULT CELL_FLASH_CACHE DEFAULT)
  TABLESPACE "USERS"  ENABLE;
--------------------------------------------------------
--  Constraints for Table FORM
--------------------------------------------------------

  ALTER TABLE "FORM" ADD PRIMARY KEY ("FORM_ID")
  USING INDEX PCTFREE 10 INITRANS 2 MAXTRANS 255 
  STORAGE(INITIAL 65536 NEXT 1048576 MINEXTENTS 1 MAXEXTENTS 2147483645
  PCTINCREASE 0 FREELISTS 1 FREELIST GROUPS 1
  BUFFER_POOL DEFAULT FLASH_CACHE DEFAULT CELL_FLASH_CACHE DEFAULT)
  TABLESPACE "USERS"  ENABLE;
  ALTER TABLE "FORM" ADD UNIQUE ("TYPE")
  USING INDEX PCTFREE 10 INITRANS 2 MAXTRANS 255 
  STORAGE(INITIAL 65536 NEXT 1048576 MINEXTENTS 1 MAXEXTENTS 2147483645
  PCTINCREASE 0 FREELISTS 1 FREELIST GROUPS 1
  BUFFER_POOL DEFAULT FLASH_CACHE DEFAULT CELL_FLASH_CACHE DEFAULT)
  TABLESPACE "USERS"  ENABLE;
--------------------------------------------------------
--  Constraints for Table IMGS
--------------------------------------------------------

  ALTER TABLE "IMGS" MODIFY ("IMG" NOT NULL ENABLE);
  ALTER TABLE "IMGS" ADD PRIMARY KEY ("IMG_ID")
  USING INDEX PCTFREE 10 INITRANS 2 MAXTRANS 255 
  STORAGE(INITIAL 65536 NEXT 1048576 MINEXTENTS 1 MAXEXTENTS 2147483645
  PCTINCREASE 0 FREELISTS 1 FREELIST GROUPS 1
  BUFFER_POOL DEFAULT FLASH_CACHE DEFAULT CELL_FLASH_CACHE DEFAULT)
  TABLESPACE "USERS"  ENABLE;
--------------------------------------------------------
--  Constraints for Table INGREDIENT
--------------------------------------------------------

  ALTER TABLE "INGREDIENT" ADD PRIMARY KEY ("ING_ID")
  USING INDEX PCTFREE 10 INITRANS 2 MAXTRANS 255 
  STORAGE(INITIAL 65536 NEXT 1048576 MINEXTENTS 1 MAXEXTENTS 2147483645
  PCTINCREASE 0 FREELISTS 1 FREELIST GROUPS 1
  BUFFER_POOL DEFAULT FLASH_CACHE DEFAULT CELL_FLASH_CACHE DEFAULT)
  TABLESPACE "USERS"  ENABLE;
  ALTER TABLE "INGREDIENT" ADD UNIQUE ("NAME")
  USING INDEX PCTFREE 10 INITRANS 2 MAXTRANS 255 
  STORAGE(INITIAL 65536 NEXT 1048576 MINEXTENTS 1 MAXEXTENTS 2147483645
  PCTINCREASE 0 FREELISTS 1 FREELIST GROUPS 1
  BUFFER_POOL DEFAULT FLASH_CACHE DEFAULT CELL_FLASH_CACHE DEFAULT)
  TABLESPACE "USERS"  ENABLE;
--------------------------------------------------------
--  Constraints for Table INQUIRY
--------------------------------------------------------

  ALTER TABLE "INQUIRY" MODIFY ("TITLE" NOT NULL ENABLE);
  ALTER TABLE "INQUIRY" ADD PRIMARY KEY ("INQUIRY_ID")
  USING INDEX PCTFREE 10 INITRANS 2 MAXTRANS 255 
  TABLESPACE "USERS"  ENABLE;
--------------------------------------------------------
--  Constraints for Table MAKE
--------------------------------------------------------

  ALTER TABLE "MAKE" MODIFY ("NAME" NOT NULL ENABLE);
  ALTER TABLE "MAKE" MODIFY ("TEL" NOT NULL ENABLE);
  ALTER TABLE "MAKE" MODIFY ("ZIPCODE" NOT NULL ENABLE);
  ALTER TABLE "MAKE" MODIFY ("ADDRESS" NOT NULL ENABLE);
  ALTER TABLE "MAKE" MODIFY ("ADDRESSDETAIL" NOT NULL ENABLE);
  ALTER TABLE "MAKE" ADD PRIMARY KEY ("MAKE_ID")
  USING INDEX PCTFREE 10 INITRANS 2 MAXTRANS 255 
  STORAGE(INITIAL 65536 NEXT 1048576 MINEXTENTS 1 MAXEXTENTS 2147483645
  PCTINCREASE 0 FREELISTS 1 FREELIST GROUPS 1
  BUFFER_POOL DEFAULT FLASH_CACHE DEFAULT CELL_FLASH_CACHE DEFAULT)
  TABLESPACE "USERS"  ENABLE;
--------------------------------------------------------
--  Constraints for Table NUTRIENT
--------------------------------------------------------

  ALTER TABLE "NUTRIENT" MODIFY ("CAPACITY" NOT NULL ENABLE);
  ALTER TABLE "NUTRIENT" ADD PRIMARY KEY ("NUT_ID")
  USING INDEX PCTFREE 10 INITRANS 2 MAXTRANS 255 
  STORAGE(INITIAL 65536 NEXT 1048576 MINEXTENTS 1 MAXEXTENTS 2147483645
  PCTINCREASE 0 FREELISTS 1 FREELIST GROUPS 1
  BUFFER_POOL DEFAULT FLASH_CACHE DEFAULT CELL_FLASH_CACHE DEFAULT)
  TABLESPACE "USERS"  ENABLE;
--------------------------------------------------------
--  Constraints for Table ORDERS
--------------------------------------------------------

  ALTER TABLE "ORDERS" MODIFY ("COUNT" NOT NULL ENABLE);
  ALTER TABLE "ORDERS" MODIFY ("PRICE" NOT NULL ENABLE);
  ALTER TABLE "ORDERS" ADD PRIMARY KEY ("ORDER_ID")
  USING INDEX PCTFREE 10 INITRANS 2 MAXTRANS 255 
  TABLESPACE "USERS"  ENABLE;
  ALTER TABLE "ORDERS" ADD UNIQUE ("IDENTITY")
  USING INDEX PCTFREE 10 INITRANS 2 MAXTRANS 255 
  TABLESPACE "USERS"  ENABLE;
--------------------------------------------------------
--  Constraints for Table PAY
--------------------------------------------------------

  ALTER TABLE "PAY" MODIFY ("SUM" NOT NULL ENABLE);
  ALTER TABLE "PAY" MODIFY ("WAY" NOT NULL ENABLE);
  ALTER TABLE "PAY" ADD PRIMARY KEY ("PAY_ID")
  USING INDEX PCTFREE 10 INITRANS 2 MAXTRANS 255 
  TABLESPACE "USERS"  ENABLE;
--------------------------------------------------------
--  Constraints for Table POST
--------------------------------------------------------

  ALTER TABLE "POST" MODIFY ("TITLE" NOT NULL ENABLE);
  ALTER TABLE "POST" MODIFY ("STATE" NOT NULL ENABLE);
  ALTER TABLE "POST" ADD PRIMARY KEY ("POST_ID")
  USING INDEX PCTFREE 10 INITRANS 2 MAXTRANS 255 
  TABLESPACE "USERS"  ENABLE;
--------------------------------------------------------
--  Constraints for Table PRODUCT
--------------------------------------------------------

  ALTER TABLE "PRODUCT" MODIFY ("NAME" NOT NULL ENABLE);
  ALTER TABLE "PRODUCT" MODIFY ("URL" NOT NULL ENABLE);
  ALTER TABLE "PRODUCT" MODIFY ("EXPLAIN" NOT NULL ENABLE);
  ALTER TABLE "PRODUCT" MODIFY ("PRICE" NOT NULL ENABLE);
  ALTER TABLE "PRODUCT" ADD PRIMARY KEY ("PRO_ID")
  USING INDEX PCTFREE 10 INITRANS 2 MAXTRANS 255 
  STORAGE(INITIAL 65536 NEXT 1048576 MINEXTENTS 1 MAXEXTENTS 2147483645
  PCTINCREASE 0 FREELISTS 1 FREELIST GROUPS 1
  BUFFER_POOL DEFAULT FLASH_CACHE DEFAULT CELL_FLASH_CACHE DEFAULT)
  TABLESPACE "USERS"  ENABLE;
--------------------------------------------------------
--  Constraints for Table PTYPE
--------------------------------------------------------

  ALTER TABLE "PTYPE" ADD PRIMARY KEY ("PTYPE_ID")
  USING INDEX PCTFREE 10 INITRANS 2 MAXTRANS 255 
  TABLESPACE "USERS"  ENABLE;
  ALTER TABLE "PTYPE" ADD UNIQUE ("TYPE")
  USING INDEX PCTFREE 10 INITRANS 2 MAXTRANS 255 
  TABLESPACE "USERS"  ENABLE;
--------------------------------------------------------
--  Constraints for Table REFRESH_TOCKEN
--------------------------------------------------------

  ALTER TABLE "REFRESH_TOCKEN" ADD PRIMARY KEY ("TOCKEN_ID")
  USING INDEX PCTFREE 10 INITRANS 2 MAXTRANS 255 
  STORAGE(INITIAL 65536 NEXT 1048576 MINEXTENTS 1 MAXEXTENTS 2147483645
  PCTINCREASE 0 FREELISTS 1 FREELIST GROUPS 1
  BUFFER_POOL DEFAULT FLASH_CACHE DEFAULT CELL_FLASH_CACHE DEFAULT)
  TABLESPACE "USERS"  ENABLE;
--------------------------------------------------------
--  Constraints for Table REFUND
--------------------------------------------------------

  ALTER TABLE "REFUND" MODIFY ("COUNT" NOT NULL ENABLE);
  ALTER TABLE "REFUND" MODIFY ("REASON" NOT NULL ENABLE);
  ALTER TABLE "REFUND" ADD PRIMARY KEY ("REFUND_ID")
  USING INDEX PCTFREE 10 INITRANS 2 MAXTRANS 255 
  TABLESPACE "USERS"  ENABLE;
--------------------------------------------------------
--  Constraints for Table REPORT
--------------------------------------------------------

  ALTER TABLE "REPORT" MODIFY ("REASON" NOT NULL ENABLE);
  ALTER TABLE "REPORT" ADD PRIMARY KEY ("REPORT_ID")
  USING INDEX PCTFREE 10 INITRANS 2 MAXTRANS 255 
  TABLESPACE "USERS"  ENABLE;
--------------------------------------------------------
--  Constraints for Table REVIEW
--------------------------------------------------------

  ALTER TABLE "REVIEW" MODIFY ("RATING" NOT NULL ENABLE);
  ALTER TABLE "REVIEW" ADD PRIMARY KEY ("REV_ID")
  USING INDEX PCTFREE 10 INITRANS 2 MAXTRANS 255 
  STORAGE(INITIAL 65536 NEXT 1048576 MINEXTENTS 1 MAXEXTENTS 2147483645
  PCTINCREASE 0 FREELISTS 1 FREELIST GROUPS 1
  BUFFER_POOL DEFAULT FLASH_CACHE DEFAULT CELL_FLASH_CACHE DEFAULT)
  TABLESPACE "USERS"  ENABLE;
--------------------------------------------------------
--  Constraints for Table STOCK
--------------------------------------------------------

  ALTER TABLE "STOCK" MODIFY ("COUNT" NOT NULL ENABLE);
  ALTER TABLE "STOCK" MODIFY ("STATE" NOT NULL ENABLE);
  ALTER TABLE "STOCK" ADD PRIMARY KEY ("STOCK_ID")
  USING INDEX PCTFREE 10 INITRANS 2 MAXTRANS 255 
  STORAGE(INITIAL 65536 NEXT 1048576 MINEXTENTS 1 MAXEXTENTS 2147483645
  PCTINCREASE 0 FREELISTS 1 FREELIST GROUPS 1
  BUFFER_POOL DEFAULT FLASH_CACHE DEFAULT CELL_FLASH_CACHE DEFAULT)
  TABLESPACE "USERS"  ENABLE;
--------------------------------------------------------
--  Constraints for Table USERS
--------------------------------------------------------

  ALTER TABLE "USERS" MODIFY ("EMAIL" NOT NULL ENABLE);
  ALTER TABLE "USERS" MODIFY ("NAME" NOT NULL ENABLE);
  ALTER TABLE "USERS" MODIFY ("SEX" NOT NULL ENABLE);
  ALTER TABLE "USERS" MODIFY ("ROLE" NOT NULL ENABLE);
  ALTER TABLE "USERS" ADD PRIMARY KEY ("ID")
  USING INDEX PCTFREE 10 INITRANS 2 MAXTRANS 255 
  STORAGE(INITIAL 65536 NEXT 1048576 MINEXTENTS 1 MAXEXTENTS 2147483645
  PCTINCREASE 0 FREELISTS 1 FREELIST GROUPS 1
  BUFFER_POOL DEFAULT FLASH_CACHE DEFAULT CELL_FLASH_CACHE DEFAULT)
  TABLESPACE "USERS"  ENABLE;
  ALTER TABLE "USERS" ADD UNIQUE ("EMAIL")
  USING INDEX PCTFREE 10 INITRANS 2 MAXTRANS 255 
  STORAGE(INITIAL 65536 NEXT 1048576 MINEXTENTS 1 MAXEXTENTS 2147483645
  PCTINCREASE 0 FREELISTS 1 FREELIST GROUPS 1
  BUFFER_POOL DEFAULT FLASH_CACHE DEFAULT CELL_FLASH_CACHE DEFAULT)
  TABLESPACE "USERS"  ENABLE;
--------------------------------------------------------
--  Ref Constraints for Table ANSWER
--------------------------------------------------------

  ALTER TABLE "ANSWER" ADD FOREIGN KEY ("ADMIN_ID")
	  REFERENCES "ADMIN" ("ADMIN_ID") ON DELETE CASCADE ENABLE;
  ALTER TABLE "ANSWER" ADD FOREIGN KEY ("INQUIRY_ID")
	  REFERENCES "INQUIRY" ("INQUIRY_ID") ON DELETE CASCADE ENABLE;
--------------------------------------------------------
--  Ref Constraints for Table BASKET
--------------------------------------------------------

  ALTER TABLE "BASKET" ADD FOREIGN KEY ("ID")
	  REFERENCES "USERS" ("ID") ON DELETE CASCADE ENABLE;
  ALTER TABLE "BASKET" ADD FOREIGN KEY ("PRO_ID")
	  REFERENCES "PRODUCT" ("PRO_ID") ON DELETE CASCADE ENABLE;
--------------------------------------------------------
--  Ref Constraints for Table BEN
--------------------------------------------------------

  ALTER TABLE "BEN" ADD FOREIGN KEY ("ID")
	  REFERENCES "USERS" ("ID") ON DELETE CASCADE ENABLE;
--------------------------------------------------------
--  Ref Constraints for Table BOOKMARK
--------------------------------------------------------

  ALTER TABLE "BOOKMARK" ADD FOREIGN KEY ("ID")
	  REFERENCES "USERS" ("ID") ON DELETE CASCADE ENABLE;
  ALTER TABLE "BOOKMARK" ADD FOREIGN KEY ("PRO_ID")
	  REFERENCES "PRODUCT" ("PRO_ID") ON DELETE CASCADE ENABLE;
--------------------------------------------------------
--  Ref Constraints for Table COMMENTS
--------------------------------------------------------

  ALTER TABLE "COMMENTS" ADD FOREIGN KEY ("ID")
	  REFERENCES "USERS" ("ID") ON DELETE CASCADE ENABLE;
  ALTER TABLE "COMMENTS" ADD FOREIGN KEY ("POST_ID")
	  REFERENCES "POST" ("POST_ID") ON DELETE CASCADE ENABLE;
--------------------------------------------------------
--  Ref Constraints for Table DELIVERY
--------------------------------------------------------

  ALTER TABLE "DELIVERY" ADD FOREIGN KEY ("ID")
	  REFERENCES "USERS" ("ID") ON DELETE CASCADE ENABLE;
--------------------------------------------------------
--  Ref Constraints for Table IMGS
--------------------------------------------------------

  ALTER TABLE "IMGS" ADD FOREIGN KEY ("PRO_ID")
	  REFERENCES "PRODUCT" ("PRO_ID") ON DELETE CASCADE ENABLE;
--------------------------------------------------------
--  Ref Constraints for Table INQUIRY
--------------------------------------------------------

  ALTER TABLE "INQUIRY" ADD FOREIGN KEY ("ID")
	  REFERENCES "USERS" ("ID") ON DELETE CASCADE ENABLE;
--------------------------------------------------------
--  Ref Constraints for Table NUTRIENT
--------------------------------------------------------

  ALTER TABLE "NUTRIENT" ADD FOREIGN KEY ("PRO_ID")
	  REFERENCES "PRODUCT" ("PRO_ID") ON DELETE CASCADE ENABLE;
  ALTER TABLE "NUTRIENT" ADD FOREIGN KEY ("ING_ID")
	  REFERENCES "INGREDIENT" ("ING_ID") ON DELETE CASCADE ENABLE;
--------------------------------------------------------
--  Ref Constraints for Table ORDERS
--------------------------------------------------------

  ALTER TABLE "ORDERS" ADD FOREIGN KEY ("ID")
	  REFERENCES "USERS" ("ID") ON DELETE CASCADE ENABLE;
  ALTER TABLE "ORDERS" ADD FOREIGN KEY ("ADDRESS_ID")
	  REFERENCES "DELIVERY" ("ADDRESS_ID") ON DELETE CASCADE ENABLE;
--------------------------------------------------------
--  Ref Constraints for Table PAY
--------------------------------------------------------

  ALTER TABLE "PAY" ADD FOREIGN KEY ("ID")
	  REFERENCES "USERS" ("ID") ON DELETE CASCADE ENABLE;
  ALTER TABLE "PAY" ADD FOREIGN KEY ("ORDER_ID")
	  REFERENCES "ORDERS" ("ORDER_ID") ON DELETE CASCADE ENABLE;
--------------------------------------------------------
--  Ref Constraints for Table POST
--------------------------------------------------------

  ALTER TABLE "POST" ADD FOREIGN KEY ("ID")
	  REFERENCES "USERS" ("ID") ON DELETE CASCADE ENABLE;
  ALTER TABLE "POST" ADD FOREIGN KEY ("PTYPE_ID")
	  REFERENCES "PTYPE" ("PTYPE_ID") ON DELETE CASCADE ENABLE;
--------------------------------------------------------
--  Ref Constraints for Table PRODUCT
--------------------------------------------------------

  ALTER TABLE "PRODUCT" ADD FOREIGN KEY ("MAKE_ID")
	  REFERENCES "MAKE" ("MAKE_ID") ON DELETE CASCADE ENABLE;
  ALTER TABLE "PRODUCT" ADD FOREIGN KEY ("ING_ID")
	  REFERENCES "INGREDIENT" ("ING_ID") ON DELETE CASCADE ENABLE;
  ALTER TABLE "PRODUCT" ADD FOREIGN KEY ("FORM_ID")
	  REFERENCES "FORM" ("FORM_ID") ON DELETE CASCADE ENABLE;
--------------------------------------------------------
--  Ref Constraints for Table REFUND
--------------------------------------------------------

  ALTER TABLE "REFUND" ADD FOREIGN KEY ("PAY_ID")
	  REFERENCES "PAY" ("PAY_ID") ON DELETE CASCADE ENABLE;
--------------------------------------------------------
--  Ref Constraints for Table REPORT
--------------------------------------------------------

  ALTER TABLE "REPORT" ADD FOREIGN KEY ("POST_ID")
	  REFERENCES "POST" ("POST_ID") ON DELETE CASCADE ENABLE;
  ALTER TABLE "REPORT" ADD FOREIGN KEY ("ID")
	  REFERENCES "USERS" ("ID") ON DELETE CASCADE ENABLE;
--------------------------------------------------------
--  Ref Constraints for Table CREPORT
--------------------------------------------------------

  ALTER TABLE "CREPORT" ADD FOREIGN KEY ("COMME_ID")
	  REFERENCES "COMMENTS" ("COMME_ID") ON DELETE CASCADE ENABLE;
  ALTER TABLE "CREPORT" ADD FOREIGN KEY ("ID")
	  REFERENCES "USERS" ("ID") ON DELETE CASCADE ENABLE;
--------------------------------------------------------
--  Ref Constraints for Table REVIEW
--------------------------------------------------------

  ALTER TABLE "REVIEW" ADD FOREIGN KEY ("ID")
	  REFERENCES "USERS" ("ID") ON DELETE CASCADE ENABLE;
  ALTER TABLE "REVIEW" ADD FOREIGN KEY ("PRO_ID")
	  REFERENCES "PRODUCT" ("PRO_ID") ON DELETE CASCADE ENABLE;
--------------------------------------------------------
--  Ref Constraints for Table STOCK
--------------------------------------------------------

  ALTER TABLE "STOCK" ADD FOREIGN KEY ("PRO_ID")
	  REFERENCES "PRODUCT" ("PRO_ID") ON DELETE CASCADE ENABLE;
  ALTER TABLE "STOCK" ADD FOREIGN KEY ("ADMIN_ID")
	  REFERENCES "ADMIN" ("ADMIN_ID") ON DELETE CASCADE ENABLE;
